rock;callingStation1;
5997;6003;
5994;6006;
5991;6009;
6043;5957;
6040;5960;
6037;5963;
6034;5966;
6031;5969;
6028;5972;
6025;5975;
6022;5978;
6019;5981;
6016;5984;
6013;5987;
6010;5990;
6007;5993;
6004;5996;
6001;5999;
5998;6002;
5995;6005;
5992;6008;
5989;6011;
5986;6014;
5983;6017;
5980;6020;
5927;6073;
5924;6076;
5921;6079;
5918;6082;
5915;6085;
5912;6088;
5859;6141;
5856;6144;
5853;6147;
5850;6150;
5847;6153;
5844;6156;
5896;6104;
5893;6107;
5890;6110;
5887;6113;
5884;6116;
5881;6119;
5878;6122;
5875;6125;
5872;6128;
5869;6131;
5866;6134;
5863;6137;
5915;6085;
5912;6088;
5909;6091;
5906;6094;
5903;6097;
5900;6100;
5897;6103;
5894;6106;
5891;6109;
5888;6112;
5885;6115;
5834;6166;
5886;6114;
5883;6117;
5880;6120;
5877;6123;
5874;6126;
5871;6129;
5868;6132;
5865;6135;
5862;6138;
5859;6141;
5806;6194;
5803;6197;
5800;6200;
5797;6203;
5794;6206;
5791;6209;
5843;6157;
5840;6160;
5837;6163;
5786;6214;
5783;6217;
5780;6220;
5777;6223;
5774;6226;
5721;6279;
5718;6282;
5715;6285;
5712;6288;
5709;6291;
5706;6294;
5703;6297;
5700;6300;
5697;6303;
5694;6306;
5691;6309;
5688;6312;
5685;6315;
5682;6318;
5679;6321;
5676;6324;
5673;6327;
5670;6330;
5667;6333;
5664;6336;
5661;6339;
5658;6342;
5655;6345;
5652;6348;
5649;6351;
5646;6354;
5643;6357;
5640;6360;
5637;6363;
5634;6366;
5631;6369;
5628;6372;
5625;6375;
5574;6426;
5571;6429;
5568;6432;
5565;6435;
5562;6438;
5559;6441;
5556;6444;
5553;6447;
5550;6450;
5602;6398;
5599;6401;
5596;6404;
5593;6407;
5590;6410;
5587;6413;
5584;6416;
5581;6419;
5578;6422;
5575;6425;
5572;6428;
5569;6431;
5566;6434;
5563;6437;
5560;6440;
5557;6443;
5554;6446;
5551;6449;
5548;6452;
5545;6455;
5597;6403;
5594;6406;
5591;6409;
5588;6412;
5585;6415;
5582;6418;
5579;6421;
5576;6424;
5573;6427;
5570;6430;
5567;6433;
5564;6436;
5511;6489;
5508;6492;
5505;6495;
5502;6498;
5554;6446;
5551;6449;
5548;6452;
5545;6455;
5542;6458;
5539;6461;
5536;6464;
5533;6467;
5530;6470;
5527;6473;
5524;6476;
5521;6479;
5518;6482;
5568;6432;
5565;6435;
5562;6438;
5559;6441;
5556;6444;
5553;6447;
5550;6450;
5547;6453;
5544;6456;
5541;6459;
5538;6462;
5535;6465;
5585;6415;
5582;6418;
5632;6368;
5629;6371;
5626;6374;
5623;6377;
5673;6327;
5725;6275;
5722;6278;
5719;6281;
5716;6284;
5713;6287;
5710;6290;
5707;6293;
5704;6296;
5701;6299;
5698;6302;
5695;6305;
5692;6308;
5689;6311;
5686;6314;
5683;6317;
5680;6320;
5677;6323;
5674;6326;
5671;6329;
5668;6332;
5665;6335;
5662;6338;
5659;6341;
5656;6344;
5653;6347;
5650;6350;
5647;6353;
5644;6356;
5641;6359;
5638;6362;
5635;6365;
5632;6368;
5629;6371;
5628;6371;
5625;6374;
5675;6324;
5672;6327;
5669;6330;
5666;6333;
5663;6336;
5660;6339;
5657;6342;
5654;6345;
5651;6348;
5648;6351;
5698;6301;
5695;6304;
5692;6307;
5689;6310;
5686;6313;
5683;6316;
5680;6319;
5677;6322;
5674;6325;
5671;6328;
5668;6331;
5665;6334;
5662;6337;
5659;6340;
5656;6343;
5653;6346;
5650;6349;
5647;6352;
5644;6355;
5641;6358;
5638;6361;
5635;6364;
5632;6367;
5629;6370;
5626;6373;
5623;6376;
5620;6379;
5672;6327;
5669;6330;
5666;6333;
5663;6336;
5660;6339;
5657;6342;
5654;6345;
5651;6348;
5648;6351;
5645;6354;
5642;6357;
5639;6360;
5636;6363;
5686;6313;
5683;6316;
5680;6319;
5677;6322;
5674;6325;
5671;6328;
5668;6331;
5665;6334;
5662;6337;
5659;6340;
5709;6290;
5706;6293;
5703;6296;
5700;6299;
5697;6302;
5694;6305;
5691;6308;
5688;6311;
5685;6314;
5682;6317;
5679;6320;
5676;6323;
5673;6326;
5670;6329;
5667;6332;
5664;6335;
5661;6338;
5658;6341;
5655;6344;
5652;6347;
5649;6350;
5646;6353;
5643;6356;
5640;6359;
5637;6362;
5634;6365;
5631;6368;
5628;6371;
5625;6374;
5622;6377;
5672;6327;
5669;6330;
5666;6333;
5663;6336;
5660;6339;
5657;6342;
5654;6345;
5651;6348;
5648;6351;
5700;6299;
5697;6302;
5694;6305;
5691;6308;
5688;6311;
5685;6314;
5682;6317;
5679;6320;
5676;6323;
5673;6326;
5670;6329;
5667;6332;
5664;6335;
5661;6338;
5658;6341;
5655;6344;
5652;6347;
5702;6297;
5699;6300;
5696;6303;
5693;6306;
5690;6309;
5687;6312;
5684;6315;
5736;6263;
5733;6266;
5730;6269;
5727;6272;
5724;6275;
5721;6278;
5718;6281;
5715;6284;
5712;6287;
5709;6290;
5706;6293;
5703;6296;
5700;6299;
5697;6302;
5694;6305;
5691;6308;
5688;6311;
5685;6314;
5682;6317;
5679;6320;
5676;6323;
5673;6326;
5670;6329;
5667;6332;
5664;6335;
5714;6285;
5711;6288;
5708;6291;
5705;6294;
5702;6297;
5754;6245;
5751;6248;
5748;6251;
5745;6254;
5742;6257;
5739;6260;
5736;6263;
5733;6266;
5730;6269;
5727;6272;
5724;6275;
5721;6278;
5718;6281;
5715;6284;
5712;6287;
5709;6290;
5761;6238;
5758;6241;
5755;6244;
5752;6247;
5749;6250;
5746;6253;
5743;6256;
5740;6259;
5737;6262;
5734;6265;
5731;6268;
5728;6271;
5725;6274;
5722;6277;
5669;6330;
5719;6280;
5716;6283;
5713;6286;
5710;6289;
5707;6292;
5704;6295;
5701;6298;
5698;6301;
5748;6251;
5745;6254;
5742;6257;
5739;6260;
5789;6210;
5786;6213;
5783;6216;
5835;6164;
5832;6167;
5884;6115;
5881;6118;
5878;6121;
5875;6124;
5872;6127;
5869;6130;
5921;6078;
5918;6081;
5915;6084;
5912;6087;
5909;6090;
5906;6093;
5958;6041;
5955;6044;
6007;5992;
6004;5995;
6001;5998;
5998;6001;
5995;6004;
5992;6007;
5989;6010;
5986;6013;
5983;6016;
5980;6019;
5977;6022;
6027;5972;
6024;5975;
6021;5978;
6018;5981;
6015;5984;
6012;5987;
6009;5990;
6006;5993;
6003;5996;
6000;5999;
5997;6002;
5994;6005;
5991;6008;
5988;6011;
6038;5961;
6035;5964;
6032;5967;
6029;5970;
6026;5973;
6023;5976;
6020;5979;
6017;5982;
6014;5985;
6011;5988;
6008;5991;
6005;5994;
6002;5997;
5999;6000;
5996;6003;
5993;6006;
5942;6057;
5939;6060;
5936;6063;
5933;6066;
5930;6069;
5927;6072;
5924;6075;
5921;6078;
5918;6081;
5915;6084;
5912;6087;
5964;6035;
5961;6038;
5958;6041;
6008;5991;
5955;6044;
5952;6047;
5949;6050;
5946;6053;
5943;6056;
5940;6059;
5937;6062;
5934;6065;
5931;6068;
5928;6071;
5925;6074;
5922;6077;
5919;6080;
5916;6083;
5913;6086;
5910;6089;
5907;6092;
5904;6095;
5901;6098;
5898;6101;
5950;6049;
5947;6052;
5944;6055;
5941;6058;
5938;6061;
5935;6064;
5932;6067;
5931;6067;
5983;6015;
5980;6018;
5977;6021;
5974;6024;
5971;6027;
5968;6030;
5965;6033;
5962;6036;
5959;6039;
5956;6042;
5953;6045;
5950;6048;
5947;6051;
5997;6001;
5994;6004;
5991;6007;
5988;6010;
5985;6013;
5982;6016;
5979;6019;
5976;6022;
5973;6025;
5970;6028;
5967;6031;
5964;6034;
5961;6037;
5958;6040;
5955;6043;
5952;6046;
5949;6049;
5946;6052;
5996;6002;
5993;6005;
5990;6008;
5937;6061;
5934;6064;
5931;6067;
5928;6070;
5925;6073;
5922;6076;
5919;6079;
5916;6082;
5913;6085;
5910;6088;
5907;6091;
5904;6094;
5901;6097;
5898;6100;
5895;6103;
5892;6106;
5889;6109;
5886;6112;
5938;6060;
5935;6063;
5932;6066;
5929;6069;
5926;6072;
5923;6075;
5920;6078;
5917;6081;
5914;6084;
5911;6087;
5908;6090;
5905;6093;
5902;6096;
5899;6099;
5896;6102;
5845;6153;
5842;6156;
5892;6106;
5889;6109;
5886;6112;
5883;6115;
5880;6118;
5877;6121;
5874;6124;
5871;6127;
5868;6130;
5865;6133;
5862;6136;
5859;6139;
5808;6190;
5805;6193;
5802;6196;
5799;6199;
5796;6202;
5848;6150;
5898;6100;
5895;6103;
5892;6106;
5889;6109;
5886;6112;
5883;6115;
5880;6118;
5877;6121;
5874;6124;
5871;6127;
5868;6130;
5865;6133;
5862;6136;
5914;6084;
5911;6087;
5908;6090;
5905;6093;
5902;6096;
5899;6099;
5896;6102;
5893;6105;
5890;6108;
5887;6111;
5884;6114;
5881;6117;
5878;6120;
5875;6123;
5872;6126;
5869;6129;
5866;6132;
5863;6135;
5860;6138;
5857;6141;
5854;6144;
5851;6147;
5848;6150;
5898;6100;
5895;6103;
5892;6106;
5889;6109;
5886;6112;
5883;6115;
5933;6065;
5930;6068;
5927;6071;
5924;6074;
5921;6077;
5918;6080;
5915;6083;
5912;6086;
5861;6137;
5858;6140;
5855;6143;
5852;6146;
5902;6096;
5899;6099;
5896;6102;
5893;6105;
5890;6108;
5887;6111;
5884;6114;
5881;6117;
5878;6120;
5875;6123;
5872;6126;
5869;6129;
5866;6132;
5863;6135;
5860;6138;
5857;6141;
5854;6144;
5851;6147;
5848;6150;
5845;6153;
5842;6156;
5894;6104;
5891;6107;
5888;6110;
5885;6113;
5937;6061;
5934;6064;
5931;6067;
5928;6070;
5925;6073;
5975;6023;
5972;6026;
5969;6029;
5966;6032;
5963;6035;
5960;6038;
5957;6041;
5954;6044;
5951;6047;
5948;6050;
5945;6053;
5942;6056;
5939;6059;
5936;6062;
5933;6065;
5930;6068;
5927;6071;
5924;6074;
5921;6077;
5918;6080;
5915;6083;
5912;6086;
5909;6089;
5906;6092;
5903;6095;
5900;6098;
5897;6101;
5894;6104;
5891;6107;
5888;6110;
5885;6113;
5882;6116;
5879;6119;
5876;6122;
5873;6125;
5870;6128;
5867;6131;
5864;6134;
5861;6137;
5858;6140;
5855;6143;
5907;6091;
5904;6094;
5956;6042;
5953;6045;
5950;6048;
5947;6051;
5944;6054;
5941;6057;
5938;6060;
5935;6063;
5932;6066;
5929;6069;
5926;6072;
5923;6075;
5920;6078;
5917;6081;
5969;6029;
5966;6032;
5963;6035;
6013;5985;
6010;5988;
6007;5991;
6004;5994;
6001;5997;
5998;6000;
5995;6003;
5992;6006;
5989;6009;
5986;6012;
5983;6015;
5980;6018;
5977;6021;
5974;6024;
5971;6027;
5968;6030;
5965;6033;
5962;6036;
5959;6039;
5956;6042;
5953;6045;
5950;6048;
5899;6099;
5896;6102;
5893;6105;
5890;6108;
5887;6111;
5884;6114;
5934;6064;
5931;6067;
5928;6070;
5980;6018;
5977;6021;
5974;6024;
5971;6027;
5968;6030;
5965;6033;
5962;6036;
6012;5986;
6009;5989;
6006;5992;
6003;5995;
6000;5998;
5997;6001;
5994;6004;
5991;6007;
5988;6010;
5985;6013;
5982;6016;
5979;6019;
5976;6022;
6028;5970;
6025;5973;
6022;5976;
6019;5979;
6016;5982;
6013;5985;
5960;6038;
5957;6041;
5954;6044;
5903;6095;
5900;6098;
5897;6101;
5894;6104;
5891;6107;
5888;6110;
5885;6113;
5882;6116;
5879;6119;
5876;6122;
5873;6125;
5870;6128;
5867;6131;
5864;6134;
5861;6137;
5858;6140;
5855;6143;
5852;6146;
5849;6149;
5846;6152;
5843;6155;
5840;6158;
5837;6161;
5834;6164;
5831;6167;
5828;6170;
5878;6120;
5875;6123;
5872;6126;
5869;6129;
5866;6132;
5863;6135;
5860;6138;
5912;6086;
5909;6089;
5906;6092;
5903;6095;
5900;6098;
5897;6101;
5894;6104;
5891;6107;
5888;6110;
5885;6113;
5937;6061;
5934;6064;
5931;6067;
5928;6070;
5925;6073;
5922;6076;
5919;6079;
5868;6130;
5865;6133;
5862;6136;
5859;6139;
5856;6142;
5853;6145;
5850;6148;
5902;6096;
5952;6046;
5949;6049;
5946;6052;
5943;6055;
5940;6058;
5937;6061;
5934;6064;
5931;6067;
5928;6070;
5980;6018;
5977;6021;
5974;6024;
5971;6027;
5968;6030;
5965;6033;
5962;6036;
5959;6039;
5956;6042;
5953;6045;
5950;6048;
5947;6051;
5944;6054;
5941;6057;
5938;6060;
5935;6063;
5932;6066;
5982;6016;
6034;5964;
6031;5967;
6028;5970;
6025;5973;
6077;5921;
6074;5924;
6071;5927;
6068;5930;
6065;5933;
6062;5936;
6059;5939;
6056;5942;
6053;5945;
6050;5948;
6047;5951;
6044;5954;
6041;5957;
6038;5960;
6035;5963;
6032;5966;
6029;5969;
6026;5972;
6078;5920;
6075;5923;
6072;5926;
6069;5929;
6066;5932;
6063;5935;
6060;5938;
6057;5941;
6054;5944;
6051;5947;
6048;5950;
6098;5900;
6095;5903;
6092;5906;
6089;5909;
6086;5912;
6083;5915;
6080;5918;
6027;5971;
6024;5974;
6021;5977;
6018;5980;
6015;5983;
6012;5986;
6009;5989;
6006;5992;
6003;5995;
6000;5998;
5997;6001;
5994;6004;
5991;6007;
5988;6010;
5985;6013;
5982;6016;
5979;6019;
5976;6022;
5973;6025;
5970;6028;
5967;6031;
5964;6034;
5961;6037;
5958;6040;
5955;6043;
5952;6046;
6004;5994;
6001;5997;
5998;6000;
5995;6003;
5992;6006;
5989;6009;
5986;6012;
5983;6015;
5980;6018;
5977;6021;
5974;6024;
5971;6027;
5968;6030;
5965;6033;
5962;6036;
5959;6039;
5956;6042;
5953;6045;
5950;6048;
5899;6099;
5896;6102;
5893;6105;
5890;6108;
5887;6111;
5884;6114;
5881;6117;
5878;6120;
5928;6070;
5925;6073;
5924;6073;
5921;6076;
5918;6079;
5915;6082;
5912;6085;
5964;6033;
6014;5983;
6011;5986;
6008;5989;
6005;5992;
5954;6043;
5951;6046;
5948;6049;
5945;6052;
5942;6055;
5939;6058;
5936;6061;
5933;6064;
5930;6067;
5927;6070;
5924;6073;
5921;6076;
5918;6079;
5915;6082;
5912;6085;
5909;6088;
5906;6091;
5903;6094;
5900;6097;
5897;6100;
5894;6103;
5891;6106;
5888;6109;
5885;6112;
5882;6115;
5879;6118;
5876;6121;
5873;6124;
5923;6074;
5920;6077;
5917;6080;
5914;6083;
5911;6086;
5908;6089;
5905;6092;
5902;6095;
5899;6098;
5896;6101;
5893;6104;
5890;6107;
5887;6110;
5884;6113;
5881;6116;
5878;6119;
5875;6122;
5872;6125;
5869;6128;
5866;6131;
5863;6134;
5915;6082;
5864;6133;
5861;6136;
5858;6139;
5855;6142;
5852;6145;
5849;6148;
5846;6151;
5843;6154;
5893;6104;
5890;6107;
5887;6110;
5884;6113;
5881;6116;
5878;6119;
5875;6122;
5927;6070;
5924;6073;
5921;6076;
5870;6127;
5867;6130;
5864;6133;
5861;6136;
5858;6139;
5855;6142;
5852;6145;
5849;6148;
5846;6151;
5898;6099;
5948;6049;
6000;5997;
5997;6000;
6049;5948;
6046;5951;
6043;5954;
6093;5904;
6090;5907;
6087;5910;
6084;5913;
6134;5863;
6131;5866;
6128;5869;
6125;5872;
6122;5875;
6119;5878;
6116;5881;
6113;5884;
6163;5834;
6160;5837;
6157;5840;
6154;5843;
6103;5894;
6050;5947;
6047;5950;
6044;5953;
6041;5956;
6038;5959;
6035;5962;
6032;5965;
6029;5968;
6026;5971;
6023;5974;
6020;5977;
6017;5980;
6014;5983;
6011;5986;
6008;5989;
6005;5992;
6002;5995;
6052;5945;
6104;5893;
6101;5896;
6098;5899;
6095;5902;
6092;5905;
6089;5908;
6086;5911;
6083;5914;
6080;5917;
6077;5920;
6074;5923;
6071;5926;
6123;5874;
6120;5877;
6117;5880;
6114;5883;
6111;5886;
6108;5889;
6105;5892;
6102;5895;
6099;5898;
6096;5901;
6093;5904;
6090;5907;
6087;5910;
6036;5961;
6033;5964;
6030;5967;
6027;5970;
6024;5973;
6021;5976;
6018;5979;
6015;5982;
6012;5985;
6009;5988;
6006;5991;
6003;5994;
6000;5997;
5997;6000;
5994;6003;
5991;6006;
5988;6009;
5985;6012;
5982;6015;
5979;6018;
5976;6021;
5973;6024;
5970;6027;
5967;6030;
5964;6033;
5961;6036;
5958;6039;
5955;6042;
5952;6045;
5899;6098;
5896;6101;
5893;6104;
5943;6054;
5940;6057;
5937;6060;
5934;6063;
5931;6066;
5928;6069;
5925;6072;
5922;6075;
5919;6078;
5916;6081;
5913;6084;
5910;6087;
5907;6090;
5904;6093;
5901;6096;
5898;6099;
5895;6102;
5892;6105;
5942;6055;
5939;6058;
5936;6061;
5988;6009;
5985;6012;
5982;6015;
5931;6066;
5928;6069;
5925;6072;
5922;6075;
5919;6078;
5971;6026;
5968;6029;
6020;5977;
6017;5980;
6014;5983;
6011;5986;
6008;5989;
6005;5992;
6002;5995;
5999;5998;
5996;6001;
5993;6004;
5990;6007;
5987;6010;
5984;6013;
5981;6016;
5978;6019;
5975;6022;
5972;6025;
5969;6028;
5966;6031;
5963;6034;
5960;6037;
5957;6040;
6009;5988;
6006;5991;
6003;5994;
6000;5997;
5997;6000;
5946;6051;
5943;6054;
5940;6057;
5992;6005;
5989;6008;
5986;6011;
5983;6014;
5980;6017;
5977;6020;
5974;6023;
5971;6026;
5968;6029;
5965;6032;
5962;6035;
5959;6038;
5956;6041;
5953;6044;
5950;6047;
5947;6050;
5999;5998;
5996;6001;
5993;6004;
5990;6007;
5987;6010;
5984;6013;
5981;6016;
5978;6019;
5975;6022;
5972;6025;
5969;6028;
5966;6031;
5963;6034;
5960;6037;
5957;6040;
5954;6043;
5951;6046;
5948;6049;
5945;6052;
5995;6002;
5942;6055;
5939;6058;
5936;6061;
5933;6064;
5930;6067;
5927;6070;
5979;6018;
6029;5968;
6026;5971;
6023;5974;
6020;5977;
6017;5980;
6014;5983;
6011;5986;
6063;5934;
6060;5937;
6057;5940;
6054;5943;
6051;5946;
6048;5949;
6045;5952;
6042;5955;
6039;5958;
6036;5961;
6033;5964;
6030;5967;
6027;5970;
6024;5973;
6021;5976;
6018;5979;
6015;5982;
6012;5985;
6009;5988;
6006;5991;
6003;5994;
6053;5944;
6050;5947;
6047;5950;
6044;5953;
6041;5956;
6038;5959;
6035;5962;
6032;5965;
6029;5968;
6026;5971;
5975;6022;
5972;6025;
5969;6028;
5966;6031;
5963;6034;
5960;6037;
5957;6040;
5954;6043;
5951;6046;
5948;6049;
5945;6052;
5942;6055;
5939;6058;
5936;6061;
5933;6064;
5930;6067;
5927;6070;
5924;6073;
5921;6076;
5918;6079;
5915;6082;
5912;6085;
5909;6088;
5906;6091;
5903;6094;
5900;6097;
5897;6100;
5894;6103;
5891;6106;
5888;6109;
5885;6112;
5882;6115;
5879;6118;
5876;6121;
5873;6124;
5870;6127;
5867;6130;
5864;6133;
5861;6136;
5858;6139;
5855;6142;
5852;6145;
5849;6148;
5846;6151;
5843;6154;
5840;6157;
5890;6107;
5887;6110;
5884;6113;
5881;6116;
5878;6119;
5875;6122;
5872;6125;
5869;6128;
5866;6131;
5863;6134;
5812;6185;
5809;6188;
5806;6191;
5803;6194;
5853;6144;
5850;6147;
5847;6150;
5844;6153;
5841;6156;
5838;6159;
5835;6162;
5887;6110;
5884;6113;
5881;6116;
5931;6066;
5928;6069;
5925;6072;
5922;6075;
5972;6025;
5969;6028;
5966;6031;
5963;6034;
5960;6037;
6012;5985;
6009;5988;
6006;5991;
6003;5994;
6000;5997;
5997;6000;
5994;6003;
5991;6006;
5988;6009;
5985;6012;
5982;6015;
5979;6018;
5976;6021;
6026;5971;
6023;5974;
6073;5924;
6070;5927;
6067;5930;
6064;5933;
6061;5936;
6058;5939;
6055;5942;
6002;5995;
5999;5998;
5996;6001;
5993;6004;
5990;6007;
5987;6010;
5984;6013;
5981;6016;
5978;6019;
6028;5969;
6025;5972;
6022;5975;
6019;5978;
6016;5981;
5963;6034;
5960;6037;
5957;6040;
5954;6043;
5951;6046;
5900;6097;
5897;6100;
5894;6103;
5891;6106;
5888;6109;
5885;6112;
5882;6115;
5879;6118;
5876;6121;
5873;6124;
5870;6127;
5922;6075;
5919;6078;
5916;6081;
5913;6084;
5910;6087;
5907;6090;
5904;6093;
5901;6096;
5898;6099;
5895;6102;
5892;6105;
5889;6108;
5941;6056;
5938;6059;
5935;6062;
5932;6065;
5929;6068;
5926;6071;
5923;6074;
5920;6077;
5917;6080;
5914;6083;
5911;6086;
5908;6089;
5905;6092;
5902;6095;
5899;6098;
5896;6101;
5893;6104;
5890;6107;
5887;6110;
5884;6113;
5881;6116;
5878;6119;
5875;6122;
5872;6125;
5869;6128;
5919;6078;
5916;6081;
5966;6031;
5963;6034;
6013;5984;
6010;5987;
6007;5990;
6004;5993;
6001;5996;
5998;5999;
5995;6002;
5992;6005;
5989;6008;
5986;6011;
5983;6014;
5980;6017;
5977;6020;
5974;6023;
5971;6026;
5968;6029;
5965;6032;
5962;6035;
5959;6038;
5956;6041;
6006;5991;
6003;5994;
6000;5997;
5997;6000;
5994;6003;
5991;6006;
5988;6009;
5985;6012;
5982;6015;
5979;6018;
5976;6021;
5973;6024;
5970;6027;
5967;6030;
5964;6033;
5961;6036;
6011;5986;
6008;5989;
6005;5992;
6002;5995;
6052;5945;
6049;5948;
6046;5951;
6043;5954;
6040;5957;
6092;5905;
6089;5908;
6086;5911;
6083;5914;
6080;5917;
6077;5920;
6074;5923;
6071;5926;
6068;5929;
6065;5932;
6117;5880;
6114;5883;
6111;5886;
6108;5889;
6105;5892;
6054;5943;
6051;5946;
6101;5896;
6098;5899;
6095;5902;
6092;5905;
6089;5908;
6141;5856;
6138;5859;
6190;5807;
6187;5810;
6184;5813;
6234;5763;
6231;5766;
6228;5769;
6225;5772;
6222;5775;
6219;5778;
6216;5781;
6213;5784;
6210;5787;
6207;5790;
6204;5793;
6151;5846;
6148;5849;
6145;5852;
6142;5855;
6139;5858;
6136;5861;
6133;5864;
6130;5867;
6127;5870;
6124;5873;
6121;5876;
6118;5879;
6170;5827;
6220;5777;
6217;5780;
6214;5783;
6211;5786;
6208;5789;
6205;5792;
6202;5795;
6199;5798;
6196;5801;
6193;5804;
6190;5807;
6187;5810;
6184;5813;
6181;5816;
6178;5819;
6175;5822;
6172;5825;
6169;5828;
6166;5831;
6163;5834;
6160;5837;
6157;5840;
6207;5790;
6204;5793;
6201;5796;
6198;5799;
6195;5802;
6192;5805;
6141;5856;
6138;5859;
6135;5862;
6132;5865;
6129;5868;
6126;5871;
6123;5874;
6120;5877;
6117;5880;
6114;5883;
6111;5886;
6108;5889;
6105;5892;
6102;5895;
6099;5898;
6096;5901;
6093;5904;
6090;5907;
6087;5910;
6084;5913;
6081;5916;
6078;5919;
6075;5922;
6072;5925;
6069;5928;
6066;5931;
6063;5934;
6060;5937;
6057;5940;
6054;5943;
6051;5946;
6048;5949;
6045;5952;
6042;5955;
6039;5958;
6036;5961;
6033;5964;
6030;5967;
6027;5970;
6024;5973;
6021;5976;
6073;5924;
6070;5927;
6067;5930;
6064;5933;
6061;5936;
6058;5939;
6055;5942;
6052;5945;
6049;5948;
5998;5999;
5995;6002;
5992;6005;
6044;5953;
6041;5956;
6038;5959;
6035;5962;
6032;5965;
6029;5968;
6026;5971;
6023;5974;
6020;5977;
6017;5980;
6014;5983;
6011;5986;
6008;5989;
6005;5992;
6057;5940;
6006;5991;
6003;5994;
5952;6045;
5949;6048;
5946;6051;
5943;6054;
5940;6057;
5992;6005;
5989;6008;
5986;6011;
5935;6062;
5932;6065;
5982;6015;
5979;6018;
5976;6021;
5973;6024;
5970;6027;
5967;6030;
5964;6033;
5961;6036;
5958;6039;
5955;6042;
5952;6045;
5949;6048;
5999;5998;
5996;6001;
6046;5951;
6043;5954;
6040;5957;
6037;5960;
6034;5963;
6031;5966;
6028;5969;
6025;5972;
6022;5975;
6019;5978;
6016;5981;
6013;5984;
6010;5987;
6007;5990;
6004;5993;
6001;5996;
5998;5999;
5995;6002;
5992;6005;
5989;6008;
6039;5958;
6036;5961;
6033;5964;
6030;5967;
6027;5970;
6024;5973;
6021;5976;
6018;5979;
6015;5982;
6012;5985;
6009;5988;
6006;5991;
6003;5994;
6000;5997;
5997;6000;
5994;6003;
5991;6006;
6043;5954;
6040;5957;
6037;5960;
6034;5963;
6031;5966;
6028;5969;
6025;5972;
6022;5975;
6019;5978;
6016;5981;
6013;5984;
6063;5934;
6060;5937;
6057;5940;
6054;5943;
6051;5946;
6048;5949;
6045;5952;
6042;5955;
5991;6006;
5988;6009;
5985;6012;
5982;6015;
5979;6018;
5976;6021;
6026;5971;
6023;5974;
6020;5977;
6017;5980;
6014;5983;
6011;5986;
6008;5989;
6005;5992;
6002;5995;
5999;5998;
5996;6001;
5993;6004;
5990;6007;
5987;6010;
5984;6013;
5981;6016;
5978;6019;
5975;6022;
5972;6025;
5969;6028;
6019;5978;
6016;5981;
6013;5984;
6010;5987;
6007;5990;
6004;5993;
6001;5996;
5998;5999;
5995;6002;
5992;6005;
5989;6008;
5986;6011;
5983;6014;
5980;6017;
5977;6020;
5974;6023;
5971;6026;
5968;6029;
5965;6032;
5962;6035;
5959;6038;
5956;6041;
5953;6044;
5950;6047;
5947;6050;
5944;6053;
5941;6056;
5938;6059;
5935;6062;
5932;6065;
5881;6116;
5878;6119;
5875;6122;
5872;6125;
5869;6128;
5866;6131;
5863;6134;
5860;6137;
5857;6140;
5854;6143;
5803;6194;
5800;6197;
5797;6200;
5794;6203;
5791;6206;
5788;6209;
5785;6212;
5782;6215;
5779;6218;
5776;6221;
5773;6224;
5770;6227;
5767;6230;
5714;6283;
5663;6334;
5610;6387;
5607;6390;
5604;6393;
5601;6396;
5598;6399;
5595;6402;
5592;6405;
5589;6408;
5586;6411;
5583;6414;
5580;6417;
5577;6420;
5574;6423;
5571;6426;
5568;6429;
5618;6379;
5615;6382;
5612;6385;
5609;6388;
5606;6391;
5603;6394;
5600;6397;
5547;6450;
5544;6453;
5541;6456;
5538;6459;
5535;6462;
5532;6465;
5529;6468;
5526;6471;
5523;6474;
5520;6477;
5517;6480;
5514;6483;
5566;6431;
5563;6434;
5560;6437;
5557;6440;
5554;6443;
5551;6446;
5548;6449;
5545;6452;
5492;6505;
5489;6508;
5486;6511;
5483;6514;
5480;6517;
5477;6520;
5474;6523;
5471;6526;
5468;6529;
5417;6580;
5414;6583;
5411;6586;
5463;6534;
5460;6537;
5457;6540;
5454;6543;
5451;6546;
5448;6549;
5445;6552;
5442;6555;
5439;6558;
5489;6508;
5486;6511;
5483;6514;
5480;6517;
5477;6520;
5474;6523;
5471;6526;
5468;6529;
5465;6532;
5462;6535;
5459;6538;
5456;6541;
5453;6544;
5450;6547;
5447;6550;
5499;6498;
5496;6501;
5493;6504;
5490;6507;
5487;6510;
5484;6513;
5481;6516;
5478;6519;
5475;6522;
5472;6525;
5469;6528;
5466;6531;
5463;6534;
5460;6537;
5457;6540;
5454;6543;
5451;6546;
5448;6549;
5445;6552;
5442;6555;
5439;6558;
5489;6508;
5486;6511;
5483;6514;
5480;6517;
5477;6520;
5474;6523;
5524;6473;
5521;6476;
5518;6479;
5515;6482;
5565;6432;
5562;6435;
5559;6438;
5556;6441;
5553;6444;
5550;6447;
5547;6450;
5544;6453;
5541;6456;
5538;6459;
5535;6462;
5532;6465;
5529;6468;
5526;6471;
5523;6474;
5520;6477;
5517;6480;
5514;6483;
5511;6486;
5563;6434;
5560;6437;
5557;6440;
5554;6443;
5551;6446;
5548;6449;
5545;6452;
5542;6455;
5539;6458;
5536;6461;
5533;6464;
5530;6467;
5527;6470;
5524;6473;
5521;6476;
5518;6479;
5515;6482;
5512;6485;
5509;6488;
5506;6491;
5503;6494;
5500;6497;
5497;6500;
5494;6503;
5491;6506;
5488;6509;
5485;6512;
5482;6515;
5479;6518;
5476;6521;
5473;6524;
5470;6527;
5467;6530;
5464;6533;
5461;6536;
5511;6486;
5458;6539;
5455;6542;
5452;6545;
5449;6548;
5446;6551;
5443;6554;
5390;6607;
5387;6610;
5384;6613;
5381;6616;
5378;6619;
5375;6622;
5372;6625;
5369;6628;
5366;6631;
5363;6634;
5360;6637;
5357;6640;
5354;6643;
5351;6646;
5348;6649;
5345;6652;
5342;6655;
5339;6658;
5336;6661;
5386;6611;
5383;6614;
5433;6564;
5430;6567;
5427;6570;
5479;6518;
5476;6521;
5473;6524;
5470;6527;
5467;6530;
5464;6533;
5461;6536;
5458;6539;
5455;6542;
5452;6545;
5449;6548;
5446;6551;
5443;6554;
5440;6557;
5437;6560;
5434;6563;
5486;6511;
5483;6514;
5480;6517;
5477;6520;
5474;6523;
5471;6526;
5468;6529;
5465;6532;
5462;6535;
5459;6538;
5456;6541;
5453;6544;
5450;6547;
5447;6550;
5444;6553;
5441;6556;
5438;6559;
5435;6562;
5432;6565;
5381;6616;
5378;6619;
5375;6622;
5372;6625;
5369;6628;
5366;6631;
5363;6634;
5360;6637;
5357;6640;
5354;6643;
5351;6646;
5348;6649;
5297;6700;
5294;6703;
5291;6706;
5288;6709;
5285;6712;
5282;6715;
5279;6718;
5276;6721;
5273;6724;
5270;6727;
5267;6730;
5264;6733;
5261;6736;
5258;6739;
5255;6742;
5252;6745;
5249;6748;
5246;6751;
5243;6754;
5240;6757;
5237;6760;
5234;6763;
5231;6766;
5228;6769;
5225;6772;
5222;6775;
5219;6778;
5216;6781;
5213;6784;
5210;6787;
5260;6737;
5257;6740;
5254;6743;
5251;6746;
5248;6749;
5245;6752;
5242;6755;
5239;6758;
5289;6708;
5286;6711;
5283;6714;
5280;6717;
5277;6720;
5274;6723;
5324;6673;
5321;6676;
5318;6679;
5315;6682;
5312;6685;
5309;6688;
5306;6691;
5303;6694;
5300;6697;
5297;6700;
5347;6650;
5344;6653;
5341;6656;
5338;6659;
5335;6662;
5387;6610;
5384;6613;
5381;6616;
5378;6619;
5375;6622;
5372;6625;
5369;6628;
5366;6631;
5363;6634;
5360;6637;
5357;6640;
5354;6643;
5351;6646;
5348;6649;
5345;6652;
5342;6655;
5339;6658;
5336;6661;
5283;6714;
5280;6717;
5277;6720;
5274;6723;
5271;6726;
5268;6729;
5265;6732;
5262;6735;
5259;6738;
5256;6741;
5253;6744;
5250;6747;
5247;6750;
5244;6753;
5241;6756;
5238;6759;
5235;6762;
5184;6813;
5181;6816;
5178;6819;
5175;6822;
5172;6825;
5169;6828;
5166;6831;
5163;6834;
5160;6837;
5157;6840;
5207;6790;
5204;6793;
5201;6796;
5198;6799;
5195;6802;
5192;6805;
5189;6808;
5186;6811;
5183;6814;
5180;6817;
5177;6820;
5174;6823;
5171;6826;
5168;6829;
5218;6779;
5215;6782;
5212;6785;
5209;6788;
5206;6791;
5203;6794;
5200;6797;
5197;6800;
5194;6803;
5191;6806;
5188;6809;
5185;6812;
5182;6815;
5179;6818;
5176;6821;
5173;6824;
5170;6827;
5167;6830;
5164;6833;
5161;6836;
5158;6839;
5155;6842;
5152;6845;
5149;6848;
5146;6851;
5143;6854;
5140;6857;
5087;6910;
5084;6913;
5081;6916;
5078;6919;
5075;6922;
5072;6925;
5069;6928;
5066;6931;
5063;6934;
5060;6937;
5112;6885;
5109;6888;
5106;6891;
5103;6894;
5100;6897;
5097;6900;
5094;6903;
5091;6906;
5088;6909;
5085;6912;
5082;6915;
5079;6918;
5076;6921;
5073;6924;
5125;6872;
5122;6875;
5119;6878;
5116;6881;
5113;6884;
5163;6834;
5160;6837;
5157;6840;
5209;6788;
5206;6791;
5203;6794;
5200;6797;
5197;6800;
5194;6803;
5191;6806;
5188;6809;
5185;6812;
5182;6815;
5179;6818;
5176;6821;
5173;6824;
5170;6827;
5167;6830;
5164;6833;
5161;6836;
5158;6839;
5155;6842;
5152;6845;
5149;6848;
5146;6851;
5143;6854;
5092;6905;
5089;6908;
5086;6911;
5083;6914;
5080;6917;
5077;6920;
5127;6870;
5124;6873;
5121;6876;
5118;6879;
5115;6882;
5112;6885;
5109;6888;
5106;6891;
5103;6894;
5100;6897;
5097;6900;
5094;6903;
5091;6906;
5088;6909;
5085;6912;
5082;6915;
5079;6918;
5076;6921;
5073;6924;
5070;6927;
5067;6930;
5064;6933;
5061;6936;
5058;6939;
5055;6942;
5107;6890;
5104;6893;
5101;6896;
5098;6899;
5095;6902;
5092;6905;
5144;6853;
5141;6856;
5193;6804;
5190;6807;
5187;6810;
5184;6813;
5181;6816;
5231;6766;
5228;6769;
5177;6820;
5174;6823;
5171;6826;
5168;6829;
5165;6832;
5162;6835;
5159;6838;
5156;6841;
5153;6844;
5150;6847;
5147;6850;
5144;6853;
5141;6856;
5138;6859;
5135;6862;
5132;6865;
5129;6868;
5126;6871;
5176;6821;
5173;6824;
5170;6827;
5167;6830;
5164;6833;
5161;6836;
5158;6839;
5155;6842;
5152;6845;
5149;6848;
5146;6851;
5198;6799;
5248;6749;
5245;6752;
5242;6755;
5239;6758;
5188;6809;
5185;6812;
5182;6815;
5179;6818;
5176;6821;
5173;6824;
5170;6827;
5167;6830;
5164;6833;
5161;6836;
5158;6839;
5155;6842;
5205;6792;
5202;6795;
5199;6798;
5196;6801;
5193;6804;
5140;6857;
5137;6860;
5134;6863;
5131;6866;
5128;6869;
5125;6872;
5122;6875;
5119;6878;
5116;6881;
5166;6831;
5163;6834;
5160;6837;
5157;6840;
5154;6843;
5151;6846;
5148;6849;
5145;6852;
5142;6855;
5194;6803;
5191;6806;
5188;6809;
5185;6812;
5182;6815;
5179;6818;
5176;6821;
5173;6824;
5225;6772;
5222;6775;
5219;6778;
5216;6781;
5213;6784;
5210;6787;
5207;6790;
5257;6740;
5254;6743;
5251;6746;
5198;6799;
5248;6749;
5245;6752;
5242;6755;
5239;6758;
5236;6761;
5233;6764;
5283;6714;
5280;6717;
5330;6667;
5327;6670;
5324;6673;
5321;6676;
5318;6679;
5315;6682;
5312;6685;
5309;6688;
5306;6691;
5303;6694;
5353;6644;
5350;6647;
5347;6650;
5344;6653;
5341;6656;
5338;6659;
5335;6662;
5332;6665;
5329;6668;
5326;6671;
5323;6674;
5320;6677;
5317;6680;
5314;6683;
5311;6686;
5308;6689;
5305;6692;
5302;6695;
5299;6698;
5296;6701;
5293;6704;
5290;6707;
5287;6710;
5284;6713;
5281;6716;
5278;6719;
5227;6770;
5224;6773;
5221;6776;
5218;6779;
5215;6782;
5267;6730;
5267;6730;
5264;6733;
5261;6736;
5258;6739;
5207;6790;
5204;6793;
5201;6796;
5198;6799;
5195;6802;
5192;6805;
5189;6808;
5186;6811;
5183;6814;
5180;6817;
5177;6820;
5174;6823;
5171;6826;
5168;6829;
5165;6832;
5162;6835;
5212;6785;
5209;6788;
5206;6791;
5203;6794;
5200;6797;
5252;6745;
5249;6748;
5246;6751;
5243;6754;
5240;6757;
5237;6760;
5234;6763;
5231;6766;
5228;6769;
5225;6772;
5222;6775;
5171;6826;
5223;6774;
5220;6777;
5217;6780;
5214;6783;
5211;6786;
5208;6789;
5205;6792;
5202;6795;
5199;6798;
5196;6801;
5193;6804;
5190;6807;
5187;6810;
5184;6813;
5181;6816;
5178;6819;
5175;6822;
5172;6825;
5169;6828;
5166;6831;
5163;6834;
5160;6837;
5107;6890;
5104;6893;
5101;6896;
5050;6947;
5047;6950;
5044;6953;
5041;6956;
5038;6959;
5035;6962;
5032;6965;
5029;6968;
5026;6971;
5023;6974;
5020;6977;
5017;6980;
5014;6983;
5011;6986;
5008;6989;
5005;6992;
5002;6995;
4999;6998;
4996;7001;
4993;7004;
4990;7007;
4987;7010;
4936;7061;
4883;7114;
4880;7117;
4877;7120;
4874;7123;
4871;7126;
4868;7129;
4815;7182;
4865;7132;
4862;7135;
4859;7138;
4856;7141;
4853;7144;
4850;7147;
4847;7150;
4844;7153;
4841;7156;
4838;7159;
4835;7162;
4832;7165;
4829;7168;
4776;7221;
4773;7224;
4770;7227;
4767;7230;
4764;7233;
4761;7236;
4758;7239;
4707;7290;
4759;7238;
4756;7241;
4753;7244;
4750;7247;
4747;7250;
4744;7253;
4741;7256;
4738;7259;
4735;7262;
4732;7265;
4729;7268;
4726;7271;
4723;7274;
4720;7277;
4717;7280;
4714;7283;
4711;7286;
4708;7289;
4760;7237;
4757;7240;
4754;7243;
4751;7246;
4748;7249;
4745;7252;
4742;7255;
4739;7258;
4736;7261;
4733;7264;
4730;7267;
4729;7267;
4726;7270;
4723;7273;
4720;7276;
4717;7279;
4714;7282;
4711;7285;
4708;7288;
4705;7291;
4702;7294;
4699;7297;
4646;7350;
4643;7353;
4640;7356;
4637;7359;
4634;7362;
4631;7365;
4628;7368;
4625;7371;
4622;7374;
4619;7377;
4616;7380;
4666;7330;
4663;7333;
4713;7283;
4710;7286;
4707;7289;
4704;7292;
4701;7295;
4698;7298;
4695;7301;
4692;7304;
4689;7307;
4686;7310;
4683;7313;
4680;7316;
4677;7319;
4674;7322;
4671;7325;
4668;7328;
4665;7331;
4717;7279;
4714;7282;
4711;7285;
4761;7235;
4758;7238;
4755;7241;
4752;7244;
4749;7247;
4746;7250;
4743;7253;
4740;7256;
4737;7259;
4734;7262;
4731;7265;
4728;7268;
4725;7271;
4722;7274;
4719;7277;
4716;7280;
4665;7331;
4662;7334;
4659;7337;
4656;7340;
4653;7343;
4650;7346;
4647;7349;
4594;7402;
4591;7405;
4588;7408;
4585;7411;
4582;7414;
4579;7417;
4576;7420;
4573;7423;
4625;7371;
4622;7374;
4619;7377;
4616;7380;
4668;7328;
4665;7331;
4662;7334;
4712;7284;
4709;7287;
4706;7290;
4703;7293;
4700;7296;
4697;7299;
4646;7350;
4643;7353;
4640;7356;
4587;7409;
4637;7359;
4634;7362;
4684;7312;
4681;7315;
4678;7318;
4675;7321;
4672;7324;
4724;7272;
4721;7275;
4718;7278;
4715;7281;
4712;7284;
4709;7287;
4706;7290;
4703;7293;
4700;7296;
4697;7299;
4694;7302;
4691;7305;
4638;7358;
4635;7361;
4632;7364;
4629;7367;
4626;7370;
4623;7373;
4620;7376;
4617;7379;
4614;7382;
4611;7385;
4608;7388;
4605;7391;
4602;7394;
4652;7344;
4649;7347;
4646;7350;
4643;7353;
4640;7356;
4637;7359;
4634;7362;
4631;7365;
4628;7368;
4625;7371;
4622;7374;
4619;7377;
4616;7380;
4613;7383;
4610;7386;
4607;7389;
4604;7392;
4601;7395;
4598;7398;
4595;7401;
4592;7404;
4589;7407;
4586;7410;
4583;7413;
4633;7363;
4630;7366;
4627;7369;
4624;7372;
4621;7375;
4618;7378;
4615;7381;
4612;7384;
4609;7387;
4606;7390;
4603;7393;
4600;7396;
4597;7399;
4594;7402;
4591;7405;
4588;7408;
4585;7411;
4582;7414;
4579;7417;
4576;7420;
4573;7423;
4520;7476;
4570;7426;
4567;7429;
4564;7432;
4561;7435;
4558;7438;
4555;7441;
4605;7391;
4602;7394;
4599;7397;
4596;7400;
4593;7403;
4590;7406;
4587;7409;
4584;7412;
4581;7415;
4578;7418;
4575;7421;
4572;7424;
4569;7427;
4566;7430;
4563;7433;
4560;7436;
4557;7439;
4554;7442;
4551;7445;
4548;7448;
4545;7451;
4542;7454;
4539;7457;
4536;7460;
4533;7463;
4585;7411;
4582;7414;
4579;7417;
4576;7420;
4573;7423;
4570;7426;
4567;7429;
4564;7432;
4561;7435;
4558;7438;
4555;7441;
4552;7444;
4549;7447;
4546;7450;
4543;7453;
4540;7456;
4537;7459;
4486;7510;
4483;7513;
4480;7516;
4477;7519;
4474;7522;
4471;7525;
4468;7528;
4465;7531;
4462;7534;
4459;7537;
4456;7540;
4453;7543;
4450;7546;
4447;7549;
4444;7552;
4441;7555;
4438;7558;
4435;7561;
4432;7564;
4429;7567;
4426;7570;
4423;7573;
4372;7624;
4369;7627;
4366;7630;
4363;7633;
4360;7636;
4357;7639;
4354;7642;
4301;7695;
4298;7698;
4295;7701;
4292;7704;
4289;7707;
4286;7710;
4283;7713;
4280;7716;
4277;7719;
4274;7722;
4221;7775;
4170;7826;
4222;7774;
4171;7825;
4168;7828;
4165;7831;
4162;7834;
4159;7837;
4156;7840;
4153;7843;
4150;7846;
4200;7796;
4197;7799;
4194;7802;
4191;7805;
4188;7808;
4185;7811;
4182;7814;
4179;7817;
4229;7767;
4226;7770;
4276;7720;
4273;7723;
4270;7726;
4267;7729;
4264;7732;
4261;7735;
4258;7738;
4205;7791;
4202;7794;
4199;7797;
4196;7800;
4193;7803;
4190;7806;
4187;7809;
4184;7812;
4181;7815;
4178;7818;
4230;7766;
4227;7769;
4174;7822;
4171;7825;
4168;7828;
4165;7831;
4162;7834;
4212;7784;
4209;7787;
4259;7737;
4256;7740;
4253;7743;
4250;7746;
4199;7797;
4196;7800;
4193;7803;
4190;7806;
4187;7809;
4184;7812;
4181;7815;
4178;7818;
4175;7821;
4172;7824;
4169;7827;
4166;7830;
4163;7833;
4160;7836;
4157;7839;
4154;7842;
4103;7893;
4100;7896;
4097;7899;
4094;7902;
4091;7905;
4088;7908;
4085;7911;
4082;7914;
4079;7917;
4076;7920;
4073;7923;
4070;7926;
4067;7929;
4064;7932;
4061;7935;
4058;7938;
4007;7989;
4004;7992;
4001;7995;
3998;7998;
3995;8001;
3992;8004;
3989;8007;
3986;8010;
3983;8013;
3980;8016;
3977;8019;
3974;8022;
3971;8025;
3968;8028;
3965;8031;
3962;8034;
3959;8037;
3956;8040;
3905;8091;
3902;8094;
3899;8097;
3896;8100;
3893;8103;
3890;8106;
3887;8109;
3884;8112;
3881;8115;
3933;8063;
3930;8066;
3927;8069;
3924;8072;
3921;8075;
3918;8078;
3915;8081;
3912;8084;
3909;8087;
3906;8090;
3903;8093;
3900;8096;
3897;8099;
3894;8102;
3891;8105;
3888;8108;
3885;8111;
3882;8114;
3829;8167;
3826;8170;
3823;8173;
3820;8176;
3817;8179;
3814;8182;
3811;8185;
3808;8188;
3805;8191;
3802;8194;
3799;8197;
3796;8200;
3793;8203;
3790;8206;
3787;8209;
3784;8212;
3781;8215;
3778;8218;
3775;8221;
3772;8224;
3769;8227;
3766;8230;
3763;8233;
3760;8236;
3812;8184;
3809;8187;
3806;8190;
3803;8193;
3800;8196;
3797;8199;
3794;8202;
3791;8205;
3788;8208;
3785;8211;
3837;8159;
3834;8162;
3831;8165;
3828;8168;
3775;8221;
3772;8224;
3769;8227;
3766;8230;
3763;8233;
3760;8236;
3757;8239;
3754;8242;
3751;8245;
3748;8248;
3745;8251;
3742;8254;
3739;8257;
3736;8260;
3788;8208;
3785;8211;
3782;8214;
3779;8217;
3776;8220;
3773;8223;
3770;8226;
3719;8277;
3716;8280;
3713;8283;
3710;8286;
3707;8289;
3704;8292;
3701;8295;
3698;8298;
3695;8301;
3692;8304;
3689;8307;
3686;8310;
3736;8260;
3733;8263;
3730;8266;
3677;8319;
3674;8322;
3671;8325;
3668;8328;
3720;8276;
3669;8327;
3666;8330;
3663;8333;
3660;8336;
3657;8339;
3709;8287;
3706;8290;
3703;8293;
3700;8296;
3697;8299;
3747;8249;
3744;8252;
3741;8255;
3738;8258;
3735;8261;
3732;8264;
3729;8267;
3726;8270;
3723;8273;
3720;8276;
3717;8279;
3714;8282;
3711;8285;
3708;8288;
3705;8291;
3702;8294;
3699;8297;
3696;8300;
3693;8303;
3745;8251;
3742;8254;
3739;8257;
3736;8260;
3733;8263;
3730;8266;
3727;8269;
3724;8272;
3721;8275;
3718;8278;
3715;8281;
3664;8332;
3661;8335;
3658;8338;
3655;8341;
3652;8344;
3649;8347;
3646;8350;
3643;8353;
3640;8356;
3637;8359;
3634;8362;
3686;8310;
3736;8260;
3733;8263;
3730;8266;
3727;8269;
3724;8272;
3721;8275;
3718;8278;
3715;8281;
3712;8284;
3709;8287;
3706;8290;
3703;8293;
3700;8296;
3697;8299;
3694;8302;
3691;8305;
3688;8308;
3685;8311;
3682;8314;
3629;8367;
3626;8370;
3623;8373;
3620;8376;
3617;8379;
3614;8382;
3611;8385;
3661;8335;
3658;8338;
3655;8341;
3652;8344;
3649;8347;
3646;8350;
3643;8353;
3640;8356;
3637;8359;
3634;8362;
3631;8365;
3628;8368;
3625;8371;
3622;8374;
3619;8377;
3616;8380;
3613;8383;
3560;8436;
3557;8439;
3554;8442;
3551;8445;
3548;8448;
3545;8451;
3542;8454;
3539;8457;
3536;8460;
3533;8463;
3530;8466;
3527;8469;
3524;8472;
3574;8422;
3571;8425;
3568;8428;
3515;8481;
3512;8484;
3509;8487;
3506;8490;
3503;8493;
3500;8496;
3497;8499;
3494;8502;
3546;8450;
3543;8453;
3540;8456;
3537;8459;
3534;8462;
3531;8465;
3528;8468;
3525;8471;
3522;8474;
3519;8477;
3516;8480;
3513;8483;
3510;8486;
3507;8489;
3504;8492;
3501;8495;
3498;8498;
3495;8501;
3492;8504;
3489;8507;
3541;8455;
3538;8458;
3535;8461;
3532;8464;
3529;8467;
3579;8417;
3576;8420;
3626;8370;
3623;8373;
3572;8424;
3569;8427;
3566;8430;
3563;8433;
3560;8436;
3557;8439;
3554;8442;
3551;8445;
3548;8448;
3545;8451;
3542;8454;
3539;8457;
3589;8407;
3586;8410;
3636;8360;
3633;8363;
3630;8366;
3627;8369;
3624;8372;
3621;8375;
3618;8378;
3615;8381;
3612;8384;
3609;8387;
3606;8390;
3603;8393;
3600;8396;
3652;8344;
3649;8347;
3646;8350;
3643;8353;
3640;8356;
3589;8407;
3586;8410;
3583;8413;
3580;8416;
3577;8419;
3574;8422;
3571;8425;
3568;8428;
3565;8431;
3562;8434;
3559;8437;
3556;8440;
3553;8443;
3550;8446;
3547;8449;
3544;8452;
3541;8455;
3538;8458;
3535;8461;
3532;8464;
3529;8467;
3476;8520;
3473;8523;
3470;8526;
3467;8529;
3464;8532;
3461;8535;
3458;8538;
3455;8541;
3452;8544;
3449;8547;
3446;8550;
3443;8553;
3440;8556;
3439;8556;
3436;8559;
3433;8562;
3430;8565;
3427;8568;
3424;8571;
3421;8574;
3418;8577;
3415;8580;
3412;8583;
3409;8586;
3406;8589;
3403;8592;
3400;8595;
3397;8598;
3394;8601;
3391;8604;
3388;8607;
3385;8610;
3382;8613;
3379;8616;
3376;8619;
3373;8622;
3370;8625;
3367;8628;
3364;8631;
3361;8634;
3358;8637;
3355;8640;
3352;8643;
3349;8646;
3346;8649;
3343;8652;
3290;8705;
3287;8708;
3284;8711;
3281;8714;
3278;8717;
3275;8720;
3272;8723;
3269;8726;
3266;8729;
3263;8732;
3260;8735;
3257;8738;
3254;8741;
3251;8744;
3248;8747;
3245;8750;
3242;8753;
3239;8756;
3236;8759;
3233;8762;
3230;8765;
3227;8768;
3224;8771;
3221;8774;
3218;8777;
3215;8780;
3212;8783;
3209;8786;
3206;8789;
3203;8792;
3200;8795;
3197;8798;
3249;8746;
3246;8749;
3243;8752;
3240;8755;
3237;8758;
3287;8708;
3284;8711;
3281;8714;
3278;8717;
3275;8720;
3272;8723;
3269;8726;
3266;8729;
3263;8732;
3210;8785;
3260;8735;
3257;8738;
3254;8741;
3251;8744;
3248;8747;
3195;8800;
3192;8803;
3189;8806;
3239;8756;
3236;8759;
3233;8762;
3230;8765;
3227;8768;
3224;8771;
3221;8774;
3218;8777;
3215;8780;
3212;8783;
3209;8786;
3206;8789;
3203;8792;
3200;8795;
3197;8798;
3194;8801;
3191;8804;
3188;8807;
3185;8810;
3182;8813;
3179;8816;
3176;8819;
3173;8822;
3170;8825;
3167;8828;
3164;8831;
3161;8834;
3158;8837;
3107;8888;
3104;8891;
3154;8841;
3151;8844;
3148;8847;
3145;8850;
3142;8853;
3139;8856;
3136;8859;
3188;8807;
3185;8810;
3182;8813;
3131;8864;
3128;8867;
3077;8918;
3074;8921;
3071;8924;
3068;8927;
3065;8930;
3062;8933;
3059;8936;
3056;8939;
3053;8942;
3105;8890;
3102;8893;
3099;8896;
3149;8846;
3146;8849;
3143;8852;
3195;8800;
3192;8803;
3189;8806;
3186;8809;
3183;8812;
3180;8815;
3177;8818;
3174;8821;
3171;8824;
3168;8827;
3165;8830;
3162;8833;
3159;8836;
3156;8839;
3153;8842;
3150;8845;
3147;8848;
3144;8851;
3141;8854;
3138;8857;
3135;8860;
3132;8863;
3129;8866;
3179;8816;
3176;8819;
3173;8822;
3170;8825;
3220;8775;
3217;8778;
3214;8781;
3211;8784;
3160;8835;
3157;8838;
3154;8841;
3151;8844;
3148;8847;
3145;8850;
3142;8853;
3139;8856;
3136;8859;
3133;8862;
3130;8865;
3127;8868;
3124;8871;
3121;8874;
3070;8925;
3122;8873;
3119;8876;
3116;8879;
3113;8882;
3110;8885;
3107;8888;
3104;8891;
3101;8894;
3098;8897;
3095;8900;
3092;8903;
3089;8906;
3086;8909;
3083;8912;
3080;8915;
3077;8918;
3074;8921;
3071;8924;
3068;8927;
3065;8930;
3062;8933;
3059;8936;
3056;8939;
3005;8990;
3002;8993;
2999;8996;
3051;8944;
3048;8947;
3045;8950;
3042;8953;
3039;8956;
3036;8959;
3033;8962;
3030;8965;
3027;8968;
3024;8971;
3076;8919;
3073;8922;
3070;8925;
3067;8928;
3064;8931;
3061;8934;
3058;8937;
3055;8940;
3052;8943;
3049;8946;
3046;8949;
3043;8952;
3040;8955;
3037;8958;
3034;8961;
3031;8964;
3028;8967;
3078;8917;
3130;8865;
3127;8868;
3124;8871;
3121;8874;
3118;8877;
3115;8880;
3167;8828;
3164;8831;
3161;8834;
3158;8837;
3155;8840;
3152;8843;
3149;8846;
3146;8849;
3143;8852;
3140;8855;
3137;8858;
3086;8909;
3083;8912;
3080;8915;
3077;8918;
3026;8969;
3023;8972;
3020;8975;
2967;9028;
2964;9031;
2961;9034;
2958;9037;
2955;9040;
2904;9091;
2901;9094;
2898;9097;
2895;9100;
2892;9103;
2889;9106;
2886;9109;
2883;9112;
2880;9115;
2877;9118;
2874;9121;
2871;9124;
2868;9127;
2865;9130;
2862;9133;
2859;9136;
2856;9139;
2853;9142;
2850;9145;
2847;9148;
2844;9151;
2841;9154;
2838;9157;
2785;9210;
2782;9213;
2779;9216;
2776;9219;
2773;9222;
2770;9225;
2767;9228;
2764;9231;
2761;9234;
2758;9237;
2705;9290;
2702;9293;
2699;9296;
2696;9299;
2693;9302;
2743;9252;
2740;9255;
2737;9258;
2734;9261;
2731;9264;
2728;9267;
2725;9270;
2722;9273;
2671;9324;
2668;9327;
2665;9330;
2662;9333;
2659;9336;
2656;9339;
2653;9342;
2650;9345;
2647;9348;
2699;9296;
2696;9299;
2693;9302;
2690;9305;
2687;9308;
2684;9311;
2681;9314;
2678;9317;
2675;9320;
2672;9323;
2669;9326;
2666;9329;
2663;9332;
2660;9335;
2657;9338;
2707;9288;
2704;9291;
2701;9294;
2698;9297;
2695;9300;
2692;9303;
2689;9306;
2686;9309;
2683;9312;
2680;9315;
2677;9318;
2674;9321;
2671;9324;
2723;9272;
2773;9222;
2770;9225;
2767;9228;
2714;9281;
2711;9284;
2708;9287;
2705;9290;
2702;9293;
2699;9296;
2696;9299;
2746;9249;
2743;9252;
2793;9202;
2845;9150;
2842;9153;
2839;9156;
2836;9159;
2833;9162;
2830;9165;
2827;9168;
2824;9171;
2876;9119;
2873;9122;
2870;9125;
2867;9128;
2864;9131;
2861;9134;
2858;9137;
2855;9140;
2852;9143;
2849;9146;
2846;9149;
2896;9099;
2893;9102;
2890;9105;
2887;9108;
2884;9111;
2881;9114;
2878;9117;
2875;9120;
2872;9123;
2869;9126;
2919;9076;
2916;9079;
2913;9082;
2910;9085;
2907;9088;
2904;9091;
2901;9094;
2898;9097;
2948;9047;
2945;9050;
2942;9053;
2939;9056;
2936;9059;
2933;9062;
2930;9065;
2982;9013;
2979;9016;
2976;9019;
2973;9022;
2970;9025;
2967;9028;
2964;9031;
2961;9034;
2958;9037;
2955;9040;
2952;9043;
2949;9046;
2946;9049;
2943;9052;
2940;9055;
2990;9005;
2987;9008;
2984;9011;
2981;9014;
2978;9017;
2975;9020;
3025;8970;
3022;8973;
3019;8976;
3016;8979;
3013;8982;
3010;8985;
3007;8988;
3004;8991;
3001;8994;
2998;8997;
2995;9000;
2992;9003;
2989;9006;
2986;9009;
2983;9012;
2980;9015;
2977;9018;
3029;8966;
3026;8969;
3023;8972;
3020;8975;
3017;8978;
3014;8981;
3011;8984;
3061;8934;
3058;8937;
3055;8940;
3052;8943;
3049;8946;
3101;8894;
3098;8897;
3095;8900;
3092;8903;
3089;8906;
3086;8909;
3083;8912;
3133;8862;
3130;8865;
3127;8868;
3124;8871;
3121;8874;
3118;8877;
3115;8880;
3112;8883;
3109;8886;
3106;8889;
3103;8892;
3100;8895;
3097;8898;
3094;8901;
3091;8904;
3088;8907;
3085;8910;
3082;8913;
3079;8916;
3076;8919;
3073;8922;
3070;8925;
3067;8928;
3064;8931;
3061;8934;
3113;8882;
3110;8885;
3107;8888;
3104;8891;
3101;8894;
3098;8897;
3095;8900;
3092;8903;
3089;8906;
3086;8909;
3083;8912;
3080;8915;
3077;8918;
3074;8921;
3071;8924;
3068;8927;
3065;8930;
3115;8880;
3112;8883;
3109;8886;
3106;8889;
3103;8892;
3100;8895;
3097;8898;
3094;8901;
3144;8851;
3141;8854;
3138;8857;
3135;8860;
3132;8863;
3129;8866;
3126;8869;
3123;8872;
3120;8875;
3117;8878;
3114;8881;
3111;8884;
3108;8887;
3105;8890;
3102;8893;
3099;8896;
3096;8899;
3093;8902;
3090;8905;
3087;8908;
3084;8911;
3031;8964;
3028;8967;
3025;8970;
3022;8973;
3019;8976;
3069;8926;
3066;8929;
3063;8932;
3060;8935;
3057;8938;
3054;8941;
3051;8944;
3103;8892;
3100;8895;
3097;8898;
3094;8901;
3091;8904;
3088;8907;
3085;8910;
3082;8913;
3079;8916;
3076;8919;
3073;8922;
3070;8925;
3067;8928;
3064;8931;
3011;8984;
3008;8987;
3005;8990;
3002;8993;
2999;8996;
2996;8999;
2993;9002;
3043;8952;
3040;8955;
3037;8958;
3034;8961;
3031;8964;
3028;8967;
3025;8970;
3022;8973;
3019;8976;
3016;8979;
3013;8982;
3010;8985;
3007;8988;
3004;8991;
3001;8994;
2998;8997;
2995;9000;
2992;9003;
2989;9006;
2986;9009;
3036;8959;
3033;8962;
2982;9013;
2979;9016;
2976;9019;
2973;9022;
2970;9025;
2967;9028;
2964;9031;
2961;9034;
2958;9037;
2955;9040;
2952;9043;
2949;9046;
2946;9049;
2943;9052;
2940;9055;
2937;9058;
2934;9061;
2931;9064;
2928;9067;
2925;9070;
2922;9073;
2919;9076;
2969;9026;
2966;9029;
2963;9032;
2960;9035;
2957;9038;
2954;9041;
2951;9044;
2948;9047;
2945;9050;
2942;9053;
2939;9056;
2936;9059;
2933;9062;
2930;9065;
2980;9015;
2977;9018;
2974;9021;
2971;9024;
2968;9027;
2965;9030;
2962;9033;
2959;9036;
2956;9039;
2953;9042;
2950;9045;
2947;9048;
2944;9051;
2941;9054;
2938;9057;
2935;9060;
2985;9010;
2982;9013;
2979;9016;
2976;9019;
3026;8969;
3023;8972;
3020;8975;
3072;8923;
3069;8926;
3066;8929;
3116;8879;
3113;8882;
3110;8885;
3057;8938;
3006;8989;
3058;8937;
3007;8988;
3004;8991;
3001;8994;
2998;8997;
2995;9000;
2992;9003;
2989;9006;
2986;9009;
2983;9012;
2980;9015;
2977;9018;
2974;9021;
2971;9024;
2918;9077;
2915;9080;
2912;9083;
2909;9086;
2906;9089;
2903;9092;
2900;9095;
2897;9098;
2894;9101;
2891;9104;
2888;9107;
2885;9110;
2882;9113;
2879;9116;
2876;9119;
2873;9122;
2870;9125;
2867;9128;
2864;9131;
2861;9134;
2858;9137;
2855;9140;
2907;9088;
2904;9091;
2901;9094;
2898;9097;
2895;9100;
2892;9103;
2889;9106;
2886;9109;
2883;9112;
2933;9062;
2985;9010;
2982;9013;
3034;8961;
3031;8964;
3028;8967;
3025;8970;
3022;8973;
3019;8976;
3016;8979;
3013;8982;
3010;8985;
3007;8988;
3004;8991;
3001;8994;
2998;8997;
2995;9000;
2992;9003;
2989;9006;
3041;8954;
3038;8957;
3035;8960;
3032;8963;
3029;8966;
3026;8969;
3023;8972;
3020;8975;
3017;8978;
3014;8981;
3011;8984;
2960;9035;
2957;9038;
2954;9041;
2951;9044;
2948;9047;
2945;9050;
2942;9053;
2939;9056;
2989;9006;
2986;9009;
2983;9012;
3035;8960;
3032;8963;
3084;8911;
3081;8914;
3078;8917;
3075;8920;
3072;8923;
3069;8926;
3066;8929;
3063;8932;
3060;8935;
3057;8938;
3054;8941;
3051;8944;
3048;8947;
3045;8950;
3042;8953;
3039;8956;
3036;8959;
3086;8909;
3083;8912;
3080;8915;
3077;8918;
3074;8921;
3071;8924;
3068;8927;
3065;8930;
3062;8933;
3059;8936;
3109;8886;
3106;8889;
3103;8892;
3100;8895;
3097;8898;
3094;8901;
3091;8904;
3143;8852;
3140;8855;
3137;8858;
3134;8861;
3131;8864;
3128;8867;
3125;8870;
3074;8921;
3071;8924;
3068;8927;
3065;8930;
3062;8933;
3059;8936;
3056;8939;
3053;8942;
3050;8945;
3047;8948;
3097;8898;
3094;8901;
3091;8904;
3143;8852;
3193;8802;
3190;8805;
3187;8808;
3184;8811;
3181;8814;
3178;8817;
3175;8820;
3172;8823;
3169;8826;
3166;8829;
3163;8832;
3160;8835;
3157;8838;
3209;8786;
3206;8789;
3203;8792;
3200;8795;
3197;8798;
3194;8801;
3191;8804;
3188;8807;
3185;8810;
3182;8813;
3234;8761;
3231;8764;
3283;8712;
3280;8715;
3277;8718;
3274;8721;
3271;8724;
3268;8727;
3265;8730;
3262;8733;
3259;8736;
3256;8739;
3253;8742;
3250;8745;
3247;8748;
3244;8751;
3296;8699;
3293;8702;
3290;8705;
3287;8708;
3284;8711;
3281;8714;
3278;8717;
3275;8720;
3272;8723;
3269;8726;
3266;8729;
3263;8732;
3260;8735;
3310;8685;
3307;8688;
3304;8691;
3301;8694;
3298;8697;
3295;8700;
3292;8703;
3289;8706;
3286;8709;
3283;8712;
3280;8715;
3277;8718;
3274;8721;
3271;8724;
3268;8727;
3265;8730;
3262;8733;
3259;8736;
3256;8739;
3253;8742;
3250;8745;
3247;8748;
3244;8751;
3241;8754;
3238;8757;
3235;8760;
3184;8811;
3181;8814;
3178;8817;
3175;8820;
3172;8823;
3169;8826;
3166;8829;
3163;8832;
3160;8835;
3157;8838;
3154;8841;
3151;8844;
3201;8794;
3198;8797;
3195;8800;
3192;8803;
3189;8806;
3136;8859;
3133;8862;
3130;8865;
3127;8868;
3124;8871;
3121;8874;
3118;8877;
3115;8880;
3062;8933;
3059;8936;
3056;8939;
3053;8942;
3050;8945;
3047;8948;
3044;8951;
3094;8901;
3091;8904;
3088;8907;
3085;8910;
3082;8913;
3079;8916;
3076;8919;
3073;8922;
3123;8872;
3120;8875;
3117;8878;
3114;8881;
3111;8884;
3108;8887;
3105;8890;
3102;8893;
3099;8896;
3096;8899;
3093;8902;
3090;8905;
3087;8908;
3084;8911;
3081;8914;
3133;8862;
3130;8865;
3127;8868;
3124;8871;
3121;8874;
3118;8877;
3115;8880;
3112;8883;
3059;8936;
3056;8939;
3053;8942;
3050;8945;
3047;8948;
3044;8951;
3041;8954;
3038;8957;
3035;8960;
3032;8963;
2979;9016;
2976;9019;
2973;9022;
2970;9025;
2967;9028;
2964;9031;
2961;9034;
2958;9037;
2955;9040;
2952;9043;
2949;9046;
2946;9049;
2893;9102;
2890;9105;
2942;9053;
2939;9056;
2936;9059;
2933;9062;
2985;9010;
2982;9013;
2979;9016;
2976;9019;
2973;9022;
2970;9025;
2967;9028;
2964;9031;
2961;9034;
2958;9037;
2955;9040;
2952;9043;
2949;9046;
2946;9049;
2943;9052;
2940;9055;
2937;9058;
2934;9061;
2931;9064;
2928;9067;
2925;9070;
2922;9073;
2919;9076;
2916;9079;
2913;9082;
2910;9085;
2907;9088;
2904;9091;
2901;9094;
2898;9097;
2895;9100;
2892;9103;
2889;9106;
2886;9109;
2883;9112;
2880;9115;
2877;9118;
2874;9121;
2871;9124;
2868;9127;
2865;9130;
2862;9133;
2859;9136;
2856;9139;
2853;9142;
2850;9145;
2847;9148;
2844;9151;
2841;9154;
2838;9157;
2835;9160;
2832;9163;
2829;9166;
2826;9169;
2823;9172;
2820;9175;
2817;9178;
2814;9181;
2811;9184;
2808;9187;
2805;9190;
2802;9193;
2799;9196;
2796;9199;
2848;9147;
2845;9150;
2842;9153;
2839;9156;
2836;9159;
2886;9109;
2883;9112;
2880;9115;
2877;9118;
2874;9121;
2871;9124;
2868;9127;
2865;9130;
2862;9133;
2859;9136;
2856;9139;
2853;9142;
2850;9145;
2847;9148;
2844;9151;
2841;9154;
2891;9104;
2888;9107;
2885;9110;
2882;9113;
2831;9164;
2828;9167;
2825;9170;
2822;9173;
2819;9176;
2816;9179;
2813;9182;
2810;9185;
2807;9188;
2804;9191;
2801;9194;
2798;9197;
2795;9200;
2792;9203;
2789;9206;
2786;9209;
2783;9212;
2780;9215;
2777;9218;
2774;9221;
2771;9224;
2768;9227;
2765;9230;
2712;9283;
2709;9286;
2706;9289;
2703;9292;
2700;9295;
2697;9298;
2694;9301;
2691;9304;
2688;9307;
2685;9310;
2682;9313;
2679;9316;
2676;9319;
2673;9322;
2670;9325;
2667;9328;
2664;9331;
2714;9281;
2711;9284;
2708;9287;
2705;9290;
2702;9293;
2699;9296;
2696;9299;
2693;9302;
2743;9252;
2690;9305;
2687;9308;
2684;9311;
2681;9314;
2678;9317;
2675;9320;
2672;9323;
2669;9326;
2666;9329;
2663;9332;
2660;9335;
2657;9338;
2654;9341;
2651;9344;
2648;9347;
2645;9350;
2642;9353;
2639;9356;
2636;9359;
2633;9362;
2630;9365;
2680;9315;
2677;9318;
2674;9321;
2671;9324;
2668;9327;
2665;9330;
2662;9333;
2659;9336;
2656;9339;
2653;9342;
2650;9345;
2647;9348;
2644;9351;
2641;9354;
2638;9357;
2635;9360;
2632;9363;
2629;9366;
2626;9369;
2623;9372;
2620;9375;
2617;9378;
2614;9381;
2611;9384;
2608;9387;
2605;9390;
2602;9393;
2654;9341;
2651;9344;
2648;9347;
2645;9350;
2642;9353;
2639;9356;
2636;9359;
2633;9362;
2630;9365;
2627;9368;
2679;9316;
2729;9266;
2726;9269;
2723;9272;
2720;9275;
2717;9278;
2714;9281;
2711;9284;
2708;9287;
2705;9290;
2702;9293;
2699;9296;
2696;9299;
2693;9302;
2690;9305;
2687;9308;
2684;9311;
2681;9314;
2678;9317;
2675;9320;
2672;9323;
2669;9326;
2666;9329;
2716;9279;
2768;9227;
2765;9230;
2762;9233;
2759;9236;
2756;9239;
2753;9242;
2750;9245;
2747;9248;
2744;9251;
2741;9254;
2738;9257;
2735;9260;
2732;9263;
2729;9266;
2726;9269;
2723;9272;
2720;9275;
2717;9278;
2714;9281;
2711;9284;
2708;9287;
2705;9290;
2702;9293;
2651;9344;
2703;9292;
2700;9295;
2697;9298;
2694;9301;
2691;9304;
2688;9307;
2685;9310;
2682;9313;
2679;9316;
2676;9319;
2673;9322;
2670;9325;
2667;9328;
2664;9331;
2661;9334;
2658;9337;
2655;9340;
2652;9343;
2649;9346;
2646;9349;
2643;9352;
2693;9302;
2690;9305;
2687;9308;
2684;9311;
2681;9314;
2678;9317;
2675;9320;
2672;9323;
2669;9326;
2666;9329;
2663;9332;
2660;9335;
2657;9338;
2604;9391;
2601;9394;
2598;9397;
2595;9400;
2592;9403;
2589;9406;
2586;9409;
2583;9412;
2580;9415;
2630;9365;
2627;9368;
2624;9371;
2676;9319;
2673;9322;
2670;9325;
2667;9328;
2664;9331;
2661;9334;
2658;9337;
2655;9340;
2652;9343;
2649;9346;
2646;9349;
2643;9352;
2590;9405;
2587;9408;
2584;9411;
2581;9414;
2578;9417;
2575;9420;
2572;9423;
2569;9426;
2566;9429;
2563;9432;
2560;9435;
2557;9438;
2554;9441;
2551;9444;
2548;9447;
2545;9450;
2542;9453;
2539;9456;
2591;9404;
2588;9407;
2585;9410;
2582;9413;
2579;9416;
2629;9366;
2576;9419;
2573;9422;
2570;9425;
2620;9375;
2617;9378;
2614;9381;
2611;9384;
2560;9435;
2557;9438;
2554;9441;
2551;9444;
2548;9447;
2545;9450;
2542;9453;
2539;9456;
2536;9459;
2533;9462;
2530;9465;
2527;9468;
2524;9471;
2521;9474;
2518;9477;
2515;9480;
2512;9483;
2564;9431;
2513;9482;
2510;9485;
2507;9488;
2504;9491;
2501;9494;
2498;9497;
2495;9500;
2547;9448;
2544;9451;
2491;9504;
2488;9507;
2485;9510;
2482;9513;
2479;9516;
2476;9519;
2473;9522;
2470;9525;
2467;9528;
2464;9531;
2461;9534;
2410;9585;
2407;9588;
2404;9591;
2401;9594;
2398;9597;
2395;9600;
2392;9603;
2389;9606;
2386;9609;
2383;9612;
2380;9615;
2377;9618;
2374;9621;
2321;9674;
2318;9677;
2315;9680;
2312;9683;
2364;9631;
2414;9581;
2411;9584;
2408;9587;
2405;9590;
2402;9593;
2399;9596;
2396;9599;
2393;9602;
2390;9605;
2387;9608;
2384;9611;
2381;9614;
2378;9617;
2375;9620;
2372;9623;
2369;9626;
2366;9629;
2363;9632;
2360;9635;
2357;9638;
2354;9641;
2351;9644;
2348;9647;
2345;9650;
2342;9653;
2339;9656;
2336;9659;
2333;9662;
2330;9665;
2327;9668;
2324;9671;
2321;9674;
2318;9677;
2315;9680;
2312;9683;
2309;9686;
2306;9689;
2303;9692;
2353;9642;
2350;9645;
2347;9648;
2294;9701;
2291;9704;
2288;9707;
2285;9710;
2282;9713;
2279;9716;
2276;9719;
2273;9722;
2270;9725;
2267;9728;
2264;9731;
2261;9734;
2258;9737;
2255;9740;
2252;9743;
2249;9746;
2246;9749;
2243;9752;
2240;9755;
2237;9758;
2234;9761;
2231;9764;
2228;9767;
2225;9770;
2222;9773;
2272;9723;
2269;9726;
2266;9729;
2263;9732;
2260;9735;
2257;9738;
2254;9741;
2251;9744;
2248;9747;
2245;9750;
2295;9700;
2292;9703;
2289;9706;
2286;9709;
2283;9712;
2280;9715;
2277;9718;
2329;9666;
2326;9669;
2378;9617;
2375;9620;
2322;9673;
2319;9676;
2316;9679;
2366;9629;
2363;9632;
2360;9635;
2357;9638;
2354;9641;
2351;9644;
2348;9647;
2345;9650;
2342;9653;
2339;9656;
2336;9659;
2333;9662;
2330;9665;
2382;9613;
2379;9616;
2376;9619;
2373;9622;
2370;9625;
2367;9628;
2364;9631;
2361;9634;
2358;9637;
2355;9640;
2352;9643;
2349;9646;
2401;9594;
2398;9597;
2395;9600;
2392;9603;
2389;9606;
2386;9609;
2383;9612;
2380;9615;
2377;9618;
2374;9621;
2371;9624;
2368;9627;
2365;9630;
2362;9633;
2359;9636;
2356;9639;
2353;9642;
2350;9645;
2297;9698;
2294;9701;
2291;9704;
2288;9707;
2285;9710;
2282;9713;
2279;9716;
2276;9719;
2273;9722;
2323;9672;
2320;9675;
2317;9678;
2369;9626;
2366;9629;
2363;9632;
2360;9635;
2357;9638;
2354;9641;
2351;9644;
2348;9647;
2345;9650;
2342;9653;
2339;9656;
2336;9659;
2333;9662;
2330;9665;
2327;9668;
2324;9671;
2321;9674;
2318;9677;
2315;9680;
2312;9683;
2259;9736;
2256;9739;
2253;9742;
2250;9745;
2247;9748;
2244;9751;
2241;9754;
2238;9757;
2235;9760;
2285;9710;
2282;9713;
2279;9716;
2276;9719;
2273;9722;
2270;9725;
2267;9728;
2214;9781;
2211;9784;
2208;9787;
2205;9790;
2202;9793;
2199;9796;
2196;9799;
2193;9802;
2190;9805;
2187;9808;
2184;9811;
2181;9814;
2178;9817;
2175;9820;
2172;9823;
2121;9874;
2118;9877;
2115;9880;
2112;9883;
2109;9886;
2106;9889;
2103;9892;
2100;9895;
2097;9898;
2094;9901;
2144;9851;
2141;9854;
2191;9804;
2188;9807;
2185;9810;
2237;9758;
2234;9761;
2231;9764;
2228;9767;
2225;9770;
2222;9773;
2219;9776;
2216;9779;
2213;9782;
2210;9785;
2207;9788;
2204;9791;
2201;9794;
2198;9797;
2195;9800;
2144;9851;
2091;9904;
2088;9907;
2085;9910;
2082;9913;
2079;9916;
2076;9919;
2073;9922;
2070;9925;
2067;9928;
2064;9931;
2061;9934;
2058;9937;
2055;9940;
2052;9943;
2049;9946;
2046;9949;
1993;10002;
1990;10005;
1987;10008;
1984;10011;
1981;10014;
1978;10017;
2030;9965;
2027;9968;
2024;9971;
2021;9974;
2018;9977;
2015;9980;
2012;9983;
2009;9986;
2061;9934;
2058;9937;
2055;9940;
2105;9890;
2102;9893;
2099;9896;
2096;9899;
2093;9902;
2090;9905;
2087;9908;
2084;9911;
2081;9914;
2078;9917;
2075;9920;
2072;9923;
2069;9926;
2066;9929;
2063;9932;
2060;9935;
2057;9938;
2054;9941;
2051;9944;
2103;9892;
2100;9895;
2097;9898;
2094;9901;
2091;9904;
2141;9854;
2138;9857;
2135;9860;
2132;9863;
2129;9866;
2126;9869;
2123;9872;
2120;9875;
2117;9878;
2114;9881;
2111;9884;
2108;9887;
2105;9890;
2102;9893;
2099;9896;
2096;9899;
2093;9902;
2090;9905;
2087;9908;
2084;9911;
2081;9914;
2078;9917;
2027;9968;
2024;9971;
2021;9974;
2018;9977;
2015;9980;
2012;9983;
2009;9986;
2006;9989;
2056;9939;
2053;9942;
2103;9892;
2100;9895;
2097;9898;
2094;9901;
2091;9904;
2088;9907;
2085;9910;
2082;9913;
2079;9916;
2076;9919;
2025;9970;
2022;9973;
2019;9976;
2016;9979;
2013;9982;
2010;9985;
2007;9988;
2004;9991;
2001;9994;
1998;9997;
1995;10000;
1992;10003;
1989;10006;
1986;10009;
1983;10012;
1980;10015;
1977;10018;
2029;9966;
2026;9969;
2078;9917;
2075;9920;
2072;9923;
2069;9926;
2066;9929;
2063;9932;
2060;9935;
2057;9938;
2054;9941;
2051;9944;
2048;9947;
2045;9950;
2042;9953;
2039;9956;
2036;9959;
2033;9962;
2030;9965;
2027;9968;
2024;9971;
2021;9974;
2018;9977;
2015;9980;
2012;9983;
1961;10034;
1958;10037;
1955;10040;
1952;10043;
1949;10046;
2001;9994;
1998;9997;
1995;10000;
1992;10003;
1989;10006;
1938;10057;
1935;10060;
1932;10063;
1929;10066;
1926;10069;
1923;10072;
1920;10075;
1917;10078;
1914;10081;
1911;10084;
1908;10087;
1905;10090;
1902;10093;
1899;10096;
1896;10099;
1948;10047;
1945;10050;
1942;10053;
1891;10104;
1888;10107;
1885;10110;
1882;10113;
1879;10116;
1876;10119;
1873;10122;
1870;10125;
1867;10128;
1864;10131;
1861;10134;
1858;10137;
1855;10140;
1852;10143;
1849;10146;
1846;10149;
1843;10152;
1840;10155;
1837;10158;
1834;10161;
1831;10164;
1828;10167;
1825;10170;
1822;10173;
1771;10224;
1823;10172;
1820;10175;
1767;10228;
1817;10178;
1814;10181;
1811;10184;
1808;10187;
1805;10190;
1802;10193;
1799;10196;
1796;10199;
1846;10149;
1843;10152;
1840;10155;
1837;10158;
1834;10161;
1831;10164;
1828;10167;
1825;10170;
1822;10173;
1769;10226;
1766;10229;
1763;10232;
1760;10235;
1757;10238;
1754;10241;
1751;10244;
1748;10247;
1745;10250;
1742;10253;
1739;10256;
1736;10259;
1733;10262;
1730;10265;
1727;10268;
1724;10271;
1721;10274;
1718;10277;
1715;10280;
1712;10283;
1709;10286;
1706;10289;
1703;10292;
1700;10295;
1752;10243;
1749;10246;
1746;10249;
1743;10252;
1740;10255;
1737;10258;
1734;10261;
1731;10264;
1728;10267;
1725;10270;
1722;10273;
1719;10276;
1716;10279;
1713;10282;
1710;10285;
1707;10288;
1759;10236;
1756;10239;
1753;10242;
1750;10245;
1747;10248;
1744;10251;
1741;10254;
1738;10257;
1735;10260;
1734;10260;
1731;10263;
1728;10266;
1725;10269;
1722;10272;
1719;10275;
1716;10278;
1713;10281;
1710;10284;
1707;10287;
1704;10290;
1701;10293;
1698;10296;
1695;10299;
1692;10302;
1689;10305;
1686;10308;
1683;10311;
1680;10314;
1677;10317;
1674;10320;
1671;10323;
1668;10326;
1665;10329;
1662;10332;
1659;10335;
1656;10338;
1653;10341;
1650;10344;
1647;10347;
1644;10350;
1641;10353;
1638;10356;
1635;10359;
1632;10362;
1629;10365;
1626;10368;
1623;10371;
1620;10374;
1617;10377;
1614;10380;
1611;10383;
1608;10386;
1605;10389;
1602;10392;
1599;10395;
1596;10398;
1593;10401;
1590;10404;
1587;10407;
1584;10410;
1581;10413;
1578;10416;
1575;10419;
1572;10422;
1569;10425;
1566;10428;
1618;10376;
1615;10379;
1612;10382;
1609;10385;
1606;10388;
1603;10391;
1600;10394;
1597;10397;
1594;10400;
1591;10403;
1588;10406;
1585;10409;
1582;10412;
1579;10415;
1576;10418;
1573;10421;
1570;10424;
1519;10475;
1516;10478;
1566;10428;
1563;10431;
1560;10434;
1557;10437;
1554;10440;
1551;10443;
1548;10446;
1545;10449;
1542;10452;
1539;10455;
1536;10458;
1533;10461;
1530;10464;
1527;10467;
1524;10470;
1521;10473;
1518;10476;
1515;10479;
1512;10482;
1509;10485;
1506;10488;
1503;10491;
1500;10494;
1497;10497;
1494;10500;
1546;10448;
1543;10451;
1540;10454;
1537;10457;
1534;10460;
1483;10511;
1480;10514;
1477;10517;
1474;10520;
1471;10523;
1468;10526;
1465;10529;
1462;10532;
1459;10535;
1456;10538;
1453;10541;
1450;10544;
1500;10494;
1499;10494;
1496;10497;
1493;10500;
1490;10503;
1487;10506;
1484;10509;
1431;10562;
1428;10565;
1480;10513;
1477;10516;
1474;10519;
1471;10522;
1523;10470;
1520;10473;
1517;10476;
1514;10479;
1511;10482;
1508;10485;
1505;10488;
1502;10491;
1499;10494;
1496;10497;
1493;10500;
1490;10503;
1487;10506;
1484;10509;
1481;10512;
1478;10515;
1475;10518;
1525;10468;
1577;10416;
1574;10419;
1571;10422;
1568;10425;
1565;10428;
1562;10431;
1614;10379;
1611;10382;
1608;10385;
1557;10436;
1554;10439;
1551;10442;
1548;10445;
1545;10448;
1542;10451;
1539;10454;
1536;10457;
1533;10460;
1530;10463;
1527;10466;
1524;10469;
1521;10472;
1573;10420;
1570;10423;
1567;10426;
1564;10429;
1561;10432;
1558;10435;
1555;10438;
1552;10441;
1549;10444;
1546;10447;
1543;10450;
1540;10453;
1537;10456;
1534;10459;
1531;10462;
1528;10465;
1525;10468;
1522;10471;
1519;10474;
1516;10477;
1513;10480;
1510;10483;
1507;10486;
1504;10489;
1451;10542;
1448;10545;
1445;10548;
1442;10551;
1439;10554;
1436;10557;
1433;10560;
1430;10563;
1427;10566;
1424;10569;
1421;10572;
1418;10575;
1415;10578;
1412;10581;
1409;10584;
1406;10587;
1403;10590;
1400;10593;
1397;10596;
1394;10599;
1391;10602;
1388;10605;
1385;10608;
1382;10611;
1379;10614;
1376;10617;
1373;10620;
1322;10671;
1319;10674;
1316;10677;
1263;10730;
1260;10733;
1312;10681;
1309;10684;
1306;10687;
1303;10690;
1300;10693;
1297;10696;
1294;10699;
1291;10702;
1288;10705;
1285;10708;
1282;10711;
1279;10714;
1276;10717;
1273;10720;
1270;10723;
1267;10726;
1264;10729;
1261;10732;
1258;10735;
1255;10738;
1252;10741;
1249;10744;
1246;10747;
1243;10750;
1240;10753;
1237;10756;
1234;10759;
1231;10762;
1228;10765;
1225;10768;
1222;10771;
1219;10774;
1216;10777;
1213;10780;
1160;10833;
1157;10836;
1154;10839;
1151;10842;
1148;10845;
1145;10848;
1142;10851;
1139;10854;
1136;10857;
1133;10860;
1130;10863;
1127;10866;
1124;10869;
1121;10872;
1118;10875;
1115;10878;
1112;10881;
1109;10884;
1106;10887;
1103;10890;
1100;10893;
1097;10896;
1094;10899;
1091;10902;
1143;10850;
1140;10853;
1137;10856;
1134;10859;
1131;10862;
1128;10865;
1125;10868;
1175;10818;
1172;10821;
1169;10824;
1166;10827;
1163;10830;
1160;10833;
1157;10836;
1154;10839;
1151;10842;
1148;10845;
1145;10848;
1142;10851;
1139;10854;
1136;10857;
1133;10860;
1130;10863;
1180;10813;
1177;10816;
1174;10819;
1173;10819;
1170;10822;
1167;10825;
1164;10828;
1161;10831;
1158;10834;
1155;10837;
1152;10840;
1149;10843;
1146;10846;
1093;10899;
1143;10849;
1140;10852;
1137;10855;
1134;10858;
1131;10861;
1128;10864;
1125;10867;
1122;10870;
1119;10873;
1066;10926;
1116;10876;
1063;10929;
1060;10932;
1057;10935;
1054;10938;
1051;10941;
1101;10891;
1098;10894;
1095;10897;
1147;10845;
1144;10848;
1141;10851;
1138;10854;
1135;10857;
1132;10860;
1129;10863;
1126;10866;
1123;10869;
1120;10872;
1117;10875;
1114;10878;
1111;10881;
1108;10884;
1105;10887;
1102;10890;
1099;10893;
1096;10896;
1093;10899;
1090;10902;
1087;10905;
1084;10908;
1081;10911;
1078;10914;
1075;10917;
1072;10920;
1019;10973;
1016;10976;
1068;10924;
1065;10927;
1062;10930;
1011;10981;
1008;10984;
1005;10987;
1002;10990;
999;10993;
996;10996;
993;10999;
990;11002;
987;11005;
984;11008;
981;11011;
978;11014;
975;11017;
972;11020;
969;11023;
966;11026;
963;11029;
960;11032;
957;11035;
954;11038;
951;11041;
948;11044;
945;11047;
942;11050;
939;11053;
936;11056;
933;11059;
930;11062;
927;11065;
924;11068;
921;11071;
918;11074;
968;11024;
965;11027;
962;11030;
959;11033;
956;11036;
953;11039;
1003;10989;
1000;10992;
1050;10942;
1047;10945;
1044;10948;
1041;10951;
1038;10954;
1035;10957;
1032;10960;
1029;10963;
1026;10966;
973;11019;
970;11022;
967;11025;
964;11028;
961;11031;
958;11034;
955;11037;
952;11040;
949;11043;
999;10993;
996;10996;
993;10999;
990;11002;
987;11005;
984;11008;
981;11011;
978;11014;
975;11017;
972;11020;
969;11023;
966;11026;
963;11029;
960;11032;
957;11035;
954;11038;
951;11041;
948;11044;
945;11047;
942;11050;
939;11053;
936;11056;
933;11059;
930;11062;
927;11065;
924;11068;
921;11071;
918;11074;
915;11077;
912;11080;
909;11083;
906;11086;
903;11089;
900;11092;
897;11095;
894;11098;
891;11101;
888;11104;
885;11107;
882;11110;
831;11161;
883;11109;
880;11112;
877;11115;
874;11118;
871;11121;
868;11124;
865;11127;
862;11130;
809;11183;
806;11186;
803;11189;
800;11192;
797;11195;
794;11198;
791;11201;
788;11204;
785;11207;
782;11210;
834;11158;
831;11161;
828;11164;
825;11167;
822;11170;
819;11173;
816;11176;
813;11179;
810;11182;
807;11185;
804;11188;
801;11191;
798;11194;
795;11197;
792;11200;
842;11150;
839;11153;
836;11156;
833;11159;
830;11162;
827;11165;
776;11216;
828;11164;
825;11167;
822;11170;
819;11173;
816;11176;
813;11179;
810;11182;
807;11185;
859;11133;
856;11136;
853;11139;
850;11142;
847;11145;
844;11148;
841;11151;
838;11154;
835;11157;
832;11160;
829;11163;
826;11166;
823;11169;
820;11172;
817;11175;
814;11178;
761;11231;
758;11234;
755;11237;
752;11240;
749;11243;
799;11193;
796;11196;
793;11199;
790;11202;
787;11205;
839;11153;
788;11204;
785;11207;
782;11210;
779;11213;
776;11216;
773;11219;
770;11222;
767;11225;
764;11228;
761;11231;
758;11234;
755;11237;
752;11240;
749;11243;
746;11246;
743;11249;
740;11252;
737;11255;
734;11258;
731;11261;
728;11264;
725;11267;
722;11270;
719;11273;
716;11276;
768;11224;
818;11174;
815;11177;
812;11180;
759;11233;
756;11236;
753;11239;
750;11242;
747;11245;
744;11248;
741;11251;
738;11254;
735;11257;
732;11260;
729;11263;
726;11266;
723;11269;
720;11272;
717;11275;
714;11278;
711;11281;
708;11284;
705;11287;
702;11290;
699;11293;
696;11296;
693;11299;
743;11249;
740;11252;
737;11255;
684;11308;
681;11311;
678;11314;
675;11317;
672;11320;
669;11323;
666;11326;
615;11377;
562;11430;
559;11433;
556;11436;
505;11487;
502;11490;
451;11541;
448;11544;
445;11547;
442;11550;
439;11553;
436;11556;
433;11559;
380;11612;
377;11615;
374;11618;
371;11621;
423;11569;
420;11572;
472;11520;
469;11523;
466;11526;
463;11529;
460;11532;
457;11535;
454;11538;
451;11541;
448;11544;
445;11547;
442;11550;
439;11553;
436;11556;
433;11559;
430;11562;
427;11565;
424;11568;
421;11571;
418;11574;
415;11577;
412;11580;
409;11583;
406;11586;
403;11589;
400;11592;
397;11595;
394;11598;
391;11601;
388;11604;
385;11607;
332;11660;
329;11663;
326;11666;
323;11669;
320;11672;
317;11675;
314;11678;
311;11681;
308;11684;
305;11687;
302;11690;
299;11693;
296;11696;
293;11699;
290;11702;
287;11705;
284;11708;
334;11658;
331;11661;
328;11664;
325;11667;
322;11670;
319;11673;
369;11623;
366;11626;
363;11629;
360;11632;
357;11635;
354;11638;
351;11641;
403;11589;
400;11592;
397;11595;
394;11598;
391;11601;
388;11604;
385;11607;
382;11610;
379;11613;
376;11616;
373;11619;
370;11622;
367;11625;
364;11628;
361;11631;
358;11634;
355;11637;
352;11640;
349;11643;
346;11646;
343;11649;
340;11652;
337;11655;
334;11658;
331;11661;
328;11664;
325;11667;
322;11670;
374;11618;
371;11621;
368;11624;
365;11627;
362;11630;
359;11633;
356;11636;
353;11639;
350;11642;
347;11645;
344;11648;
341;11651;
338;11654;
335;11657;
387;11605;
336;11656;
333;11659;
330;11662;
327;11665;
324;11668;
321;11671;
318;11674;
315;11677;
312;11680;
309;11683;
306;11686;
303;11689;
300;11692;
297;11695;
347;11645;
294;11698;
291;11701;
288;11704;
285;11707;
282;11710;
279;11713;
276;11716;
273;11719;
270;11722;
267;11725;
264;11728;
261;11731;
258;11734;
255;11737;
252;11740;
249;11743;
246;11746;
243;11749;
240;11752;
237;11755;
234;11758;
231;11761;
228;11764;
225;11767;
222;11770;
219;11773;
216;11776;
213;11779;
160;11832;
157;11835;
209;11783;
259;11733;
256;11736;
306;11686;
303;11689;
300;11692;
297;11695;
294;11698;
291;11701;
288;11704;
285;11707;
282;11710;
334;11658;
384;11608;
381;11611;
378;11614;
375;11617;
372;11620;
369;11623;
366;11626;
363;11629;
360;11632;
357;11635;
354;11638;
351;11641;
348;11644;
345;11647;
342;11650;
339;11653;
389;11603;
386;11606;
383;11609;
380;11612;
377;11615;
374;11618;
424;11568;
476;11516;
473;11519;
470;11522;
467;11525;
464;11528;
461;11531;
458;11534;
455;11537;
452;11540;
449;11543;
501;11491;
498;11494;
495;11497;
492;11500;
489;11503;
486;11506;
483;11509;
480;11512;
532;11460;
529;11463;
526;11466;
523;11469;
520;11472;
517;11475;
514;11478;
511;11481;
508;11484;
505;11487;
502;11490;
499;11493;
496;11496;
493;11499;
490;11502;
487;11505;
484;11508;
481;11511;
478;11514;
475;11517;
472;11520;
469;11523;
466;11526;
516;11476;
513;11479;
510;11482;
507;11485;
504;11488;
556;11436;
553;11439;
550;11442;
547;11445;
544;11448;
541;11451;
538;11454;
535;11457;
532;11460;
529;11463;
526;11466;
523;11469;
520;11472;
517;11475;
514;11478;
511;11481;
508;11484;
505;11487;
502;11490;
499;11493;
496;11496;
493;11499;
490;11502;
487;11505;
484;11508;
481;11511;
478;11514;
528;11464;
525;11467;
522;11470;
574;11418;
624;11368;
621;11371;
618;11374;
615;11377;
612;11380;
609;11383;
606;11386;
658;11334;
655;11337;
652;11340;
649;11343;
701;11291;
698;11294;
695;11297;
692;11300;
689;11303;
686;11306;
683;11309;
680;11312;
677;11315;
674;11318;
671;11321;
668;11324;
665;11327;
662;11330;
714;11278;
711;11281;
708;11284;
705;11287;
702;11290;
752;11240;
749;11243;
746;11246;
743;11249;
740;11252;
737;11255;
734;11258;
731;11261;
728;11264;
675;11317;
672;11320;
669;11323;
719;11273;
716;11276;
713;11279;
710;11282;
707;11285;
704;11288;
701;11291;
698;11294;
748;11244;
745;11247;
742;11250;
739;11253;
736;11256;
733;11259;
730;11262;
677;11315;
626;11366;
623;11369;
673;11319;
670;11322;
667;11325;
664;11328;
661;11331;
658;11334;
655;11337;
652;11340;
649;11343;
646;11346;
696;11296;
748;11244;
745;11247;
742;11250;
739;11253;
736;11256;
733;11259;
730;11262;
727;11265;
724;11268;
721;11271;
718;11274;
715;11277;
712;11280;
709;11283;
706;11286;
703;11289;
700;11292;
750;11242;
747;11245;
696;11296;
693;11299;
690;11302;
687;11305;
684;11308;
681;11311;
731;11261;
728;11264;
725;11267;
722;11270;
719;11273;
716;11276;
713;11279;
710;11282;
707;11285;
704;11288;
701;11291;
698;11294;
695;11297;
747;11245;
744;11248;
741;11251;
738;11254;
735;11257;
732;11260;
729;11263;
726;11266;
778;11214;
775;11217;
772;11220;
769;11223;
766;11226;
763;11229;
760;11232;
757;11235;
809;11183;
806;11186;
803;11189;
800;11192;
797;11195;
794;11198;
791;11201;
841;11151;
838;11154;
888;11104;
885;11107;
882;11110;
879;11113;
876;11116;
873;11119;
870;11122;
867;11125;
864;11128;
861;11131;
858;11134;
855;11137;
852;11140;
849;11143;
846;11146;
843;11149;
840;11152;
787;11205;
784;11208;
781;11211;
778;11214;
775;11217;
772;11220;
719;11273;
668;11324;
665;11327;
662;11330;
659;11333;
709;11283;
706;11286;
703;11289;
700;11292;
750;11242;
747;11245;
744;11248;
741;11251;
738;11254;
790;11202;
787;11205;
784;11208;
781;11211;
778;11214;
775;11217;
772;11220;
769;11223;
766;11226;
816;11176;
813;11179;
810;11182;
807;11185;
804;11188;
801;11191;
798;11194;
795;11197;
845;11147;
842;11150;
839;11153;
836;11156;
833;11159;
830;11162;
827;11165;
824;11168;
821;11171;
818;11174;
815;11177;
812;11180;
809;11183;
806;11186;
803;11189;
800;11192;
797;11195;
794;11198;
791;11201;
788;11204;
785;11207;
782;11210;
832;11160;
829;11163;
826;11166;
823;11169;
820;11172;
817;11175;
814;11178;
811;11181;
808;11184;
805;11187;
802;11190;
799;11193;
796;11196;
793;11199;
790;11202;
787;11205;
784;11208;
781;11211;
778;11214;
775;11217;
772;11220;
769;11223;
766;11226;
763;11229;
760;11232;
757;11235;
706;11286;
703;11289;
700;11292;
697;11295;
694;11298;
691;11301;
688;11304;
685;11307;
682;11310;
679;11313;
676;11316;
673;11319;
670;11322;
667;11325;
664;11328;
661;11331;
658;11334;
655;11337;
652;11340;
649;11343;
646;11346;
643;11349;
640;11352;
637;11355;
634;11358;
631;11361;
628;11364;
575;11417;
572;11420;
569;11423;
566;11426;
563;11429;
560;11432;
557;11435;
554;11438;
551;11441;
548;11444;
545;11447;
542;11450;
539;11453;
536;11456;
533;11459;
530;11462;
527;11465;
524;11468;
521;11471;
518;11474;
515;11477;
512;11480;
509;11483;
506;11486;
503;11489;
500;11492;
497;11495;
494;11498;
491;11501;
488;11504;
485;11507;
482;11510;
479;11513;
476;11516;
473;11519;
470;11522;
467;11525;
464;11528;
461;11531;
458;11534;
455;11537;
452;11540;
399;11593;
396;11596;
393;11599;
390;11602;
387;11605;
384;11608;
381;11611;
378;11614;
375;11617;
425;11567;
422;11570;
419;11573;
471;11521;
468;11524;
465;11527;
462;11530;
459;11533;
456;11536;
453;11539;
450;11542;
447;11545;
444;11548;
441;11551;
438;11554;
435;11557;
432;11560;
429;11563;
479;11513;
476;11516;
473;11519;
470;11522;
467;11525;
464;11528;
461;11531;
458;11534;
455;11537;
452;11540;
449;11543;
396;11596;
393;11599;
390;11602;
339;11653;
336;11656;
333;11659;
330;11662;
327;11665;
324;11668;
321;11671;
318;11674;
315;11677;
367;11625;
364;11628;
361;11631;
358;11634;
355;11637;
304;11688;
301;11691;
298;11694;
295;11697;
292;11700;
289;11703;
286;11706;
283;11709;
280;11712;
277;11715;
274;11718;
271;11721;
268;11724;
320;11672;
317;11675;
314;11678;
311;11681;
308;11684;
305;11687;
357;11635;
354;11638;
351;11641;
348;11644;
345;11647;
342;11650;
339;11653;
336;11656;
333;11659;
330;11662;
382;11610;
379;11613;
376;11616;
325;11667;
377;11615;
374;11618;
371;11621;
368;11624;
365;11627;
362;11630;
359;11633;
356;11636;
408;11584;
405;11587;
402;11590;
399;11593;
396;11596;
393;11599;
445;11547;
442;11550;
494;11498;
491;11501;
488;11504;
485;11507;
482;11510;
479;11513;
476;11516;
473;11519;
420;11572;
417;11575;
414;11578;
411;11581;
408;11584;
405;11587;
402;11590;
399;11593;
396;11596;
393;11599;
390;11602;
387;11605;
384;11608;
434;11558;
431;11561;
428;11564;
425;11567;
374;11618;
371;11621;
368;11624;
365;11627;
362;11630;
359;11633;
356;11636;
353;11639;
350;11642;
347;11645;
344;11648;
341;11651;
338;11654;
335;11657;
332;11660;
384;11608;
381;11611;
378;11614;
375;11617;
372;11620;
321;11671;
268;11724;
265;11727;
262;11730;
259;11733;
256;11736;
253;11739;
305;11687;
302;11690;
299;11693;
296;11696;
348;11644;
345;11647;
342;11650;
339;11653;
336;11656;
333;11659;
330;11662;
327;11665;
324;11668;
321;11671;
318;11674;
315;11677;
312;11680;
309;11683;
361;11631;
310;11682;
307;11685;
304;11688;
301;11691;
298;11694;
295;11697;
292;11700;
289;11703;
286;11706;
283;11709;
280;11712;
277;11715;
226;11766;
278;11714;
275;11717;
272;11720;
322;11670;
319;11673;
316;11676;
313;11679;
310;11682;
307;11685;
304;11688;
301;11691;
298;11694;
295;11697;
345;11647;
342;11650;
339;11653;
336;11656;
333;11659;
385;11607;
382;11610;
379;11613;
376;11616;
373;11619;
370;11622;
367;11625;
364;11628;
361;11631;
358;11634;
355;11637;
405;11587;
352;11640;
349;11643;
346;11646;
343;11649;
340;11652;
337;11655;
334;11658;
331;11661;
328;11664;
325;11667;
322;11670;
319;11673;
316;11676;
313;11679;
310;11682;
307;11685;
304;11688;
301;11691;
298;11694;
295;11697;
292;11700;
289;11703;
286;11706;
283;11709;
280;11712;
277;11715;
274;11718;
271;11721;
268;11724;
265;11727;
262;11730;
259;11733;
256;11736;
253;11739;
305;11687;
302;11690;
299;11693;
296;11696;
293;11699;
290;11702;
287;11705;
284;11708;
281;11711;
278;11714;
275;11717;
272;11720;
269;11723;
266;11726;
263;11729;
260;11732;
257;11735;
254;11738;
251;11741;
248;11744;
245;11747;
242;11750;
239;11753;
236;11756;
233;11759;
230;11762;
282;11710;
279;11713;
276;11716;
273;11719;
270;11722;
267;11725;
264;11728;
261;11731;
313;11679;
262;11730;
259;11733;
256;11736;
308;11684;
305;11687;
302;11690;
299;11693;
296;11696;
293;11699;
290;11702;
340;11652;
337;11655;
334;11658;
331;11661;
328;11664;
325;11667;
322;11670;
319;11673;
316;11676;
313;11679;
310;11682;
307;11685;
304;11688;
301;11691;
298;11694;
295;11697;
244;11748;
241;11751;
238;11754;
235;11757;
232;11760;
229;11763;
226;11766;
223;11769;
220;11772;
217;11775;
214;11778;
211;11781;
208;11784;
205;11787;
202;11790;
254;11738;
251;11741;
248;11744;
245;11747;
242;11750;
239;11753;
236;11756;
233;11759;
230;11762;
227;11765;
224;11768;
221;11771;
168;11824;
165;11827;
162;11830;
159;11833;
156;11836;
153;11839;
150;11842;
147;11845;
144;11848;
141;11851;
138;11854;
188;11804;
185;11807;
182;11810;
234;11758;
231;11761;
228;11764;
225;11767;
222;11770;
219;11773;
216;11776;
213;11779;
210;11782;
207;11785;
204;11788;
201;11791;
198;11794;
195;11797;
192;11800;
189;11803;
186;11806;
183;11809;
180;11812;
177;11815;
174;11818;
171;11821;
168;11824;
165;11827;
162;11830;
159;11833;
156;11836;
153;11839;
205;11787;
202;11790;
199;11793;
196;11796;
248;11744;
245;11747;
242;11750;
239;11753;
186;11806;
183;11809;
180;11812;
177;11815;
174;11818;
171;11821;
168;11824;
165;11827;
217;11775;
214;11778;
211;11781;
208;11784;
260;11732;
257;11735;
254;11738;
251;11741;
248;11744;
245;11747;
242;11750;
239;11753;
236;11756;
233;11759;
230;11762;
227;11765;
224;11768;
221;11771;
218;11774;
215;11777;
212;11780;
209;11783;
206;11786;
203;11789;
200;11792;
197;11795;
194;11798;
191;11801;
188;11804;
185;11807;
182;11810;
179;11813;
176;11816;
173;11819;
170;11822;
167;11825;
164;11828;
161;11831;
158;11834;
155;11837;
152;11840;
149;11843;
146;11846;
143;11849;
140;11852;
137;11855;
134;11858;
131;11861;
128;11864;
125;11867;
122;11870;
119;11873;
116;11876;
113;11879;
110;11882;
160;11832;
107;11885;
104;11888;
101;11891;
98;11894;
95;11897;
92;11900;
89;11903;
86;11906;
83;11909;
80;11912;
77;11915;
74;11918;
71;11921;
68;11924;
65;11927;
62;11930;
114;11878;
111;11881;
108;11884;
105;11887;
102;11890;
99;11893;
96;11896;
146;11846;
143;11849;
140;11852;
137;11855;
134;11858;
131;11861;
128;11864;
125;11867;
122;11870;
119;11873;
116;11876;
113;11879;
62;11930;
9;11983;
6;11986;
3;11989;
0;11992;
